image_key,CONCEPT,PCguess,INDEX_RECORDED_TIMESTAMP,SVY_OPS,Transect Priority,NEW priority,MapLoc,Target RANSMPL (1/10),KF_USBL_LON,KF_USBL_LAT,SubstConc (17-7-19),IMAGE_NO,QUAD-Size,RANSEL_NO,RAN_SEL_STAT,"Selection round (1 orig sel, 2 replacement)",SelNo-NS replaced,COMMENTS,depth
116_0154,Solenosmilia matrix,3,9/12/2018 3:20,IN2018_V06_116,1,1,Hill U,83,147.1772019,-44.3248187,Coral rubble,154,8.677566784,6,QT,1,6,NA,1170.2
046_0496,Solenosmilia matrix,2,29/11/2018 6:00,IN2018_V06_046,4 - fished?,1c,Sisters,67,147.2413137,-44.25580189,Rock,496,9.899241446,91,QT-2,2,27,NA,1316.274286
155_0495,Solenosmilia matrix,5,13/12/2018 8:12,IN2018_V06_156,fished,1b,Corvina group N,30,147.2266459,-44.16294728,Coral rubble,495,3.003510828,52,QT,1,52,NA,1137.695
082_0319,Solenosmilia matrix,60,5/12/2018 11:52,IN2018_V06_082,1,1,Hill K1,41,147.39503,-44.29866236,Coral reef substrate,319,8.909556373,16,QT,1,16,NA,1483.3
045_0131,Solenosmilia matrix,5,29/11/2018 0:51,IN2018_V06_045,1,1,Hill K1,44,147.388677,-44.29067989,Rock,131,7.460174494,51,QT-2,2,19,NA,1378.1
114_0015,Solenosmilia matrix,100,9/12/2018 0:09,IN2018_V06_114,1a,1a,z16,35,147.0677111,-44.29131389,Coral reef substrate,15,3.501067601,9,QT,1,9,NA,NA
062_0210,Solenosmilia matrix,100,1/12/2018 11:01,IN2018_V06_062,1a,1a,z16,39,147.0677734,-44.28508074,Coral reef substrate,210,8.818304411,6,QT,1,6,NA,1302.871429
060_0270,Solenosmilia matrix,95,1/12/2018 5:39,IN2018_V06_060,1,1,Little Sister (z56),38,147.208774,-44.25050861,Coral reef substrate,270,5.126293713,17,QT,1,17,NA,1274.775
114_0058,Solenosmilia matrix,100,9/12/2018 0:13,IN2018_V06_114,1a,1a,z16,35,147.0684972,-44.29235278,Coral reef substrate,58,12.89067775,13,QT,1,13,NA,NA
060_0010,Solenosmilia matrix,100,1/12/2018 5:16,IN2018_V06_060,1,1,Little Sister (z56),38,147.2142512,-44.2549886,Coral reef substrate,10,13.44096378,4,QT,1,4,NA,1087.804444
117_0090,Solenosmilia matrix,15,9/12/2018 6:32,IN2018_V06_117,1,1,Hill U,34,147.1773783,-44.3200584,Coral rubble,90,2.650820322,29,QT,1,29,NA,1265.14
063_0359,Solenosmilia matrix,15,1/12/2018 13:40,IN2018_V06_063,1a,1a,z16,43,147.0660667,-44.28238833,Coral rubble,359,9.750181111,46,QT-2,2,14,NA,1414.5
063_0412,Solenosmilia matrix,10,1/12/2018 13:44,IN2018_V06_063,1a,1a,z16,43,147.0654898,-44.28116919,Coral rubble,412,8.738219778,50,QT-2,2,18,NA,1411.7
059_0106,Enallopsammia matrix,2,1/12/2018 4:16,IN2018_V06_059,fished,1c,Sisters,56,147.2351966,-44.2642082,Rock,106,6.74563484,23,QT,1,23,NA,949.3444444
082_0287,Solenosmilia matrix,60,5/12/2018 11:49,IN2018_V06_082,1,1,Hill K1,41,147.3939849,-44.29805784,Coral reef substrate,287,1.717195335,42,QT,1,42,NA,1500.585714
060_0128,Solenosmilia matrix,100,1/12/2018 5:27,IN2018_V06_060,1,1,Little Sister (z56),38,147.2119171,-44.25304238,Coral reef substrate,128,8.251072411,14,QT,1,14,NA,1282.3
062_0283,Solenosmilia matrix,90,1/12/2018 11:07,IN2018_V06_062,1a,1a,z16,39,147.0673049,-44.28354641,Coral reef substrate,283,3.456037158,18,QT,1,18,NA,1388.65625
061_0123,Solenosmilia matrix,5,1/12/2018 8:15,IN2018_V06_061,1,1,Hill U,38,147.1762203,-44.32316861,Coral reef substrate,123,3.083430641,1,QT,1,1,NA,1132.582906
116_0494,Solenosmilia matrix,25,9/12/2018 3:49,IN2018_V06_116,1,1,Hill U,83,147.1677569,-44.32989443,Coral rubble,494,3.912780706,43,QT,1,43,NA,1401.8
166_0062,Solenosmilia matrix,100,14/12/2018 15:05,IN2018_V06_166,1,1,z8,70,147.2880181,-44.20495292,Coral reef substrate,62,7.287462221,22,QT,1,22,NA,1076.96
051_0095,Solenosmilia matrix,100,30/11/2018 2:31,IN2018_V06_051,1,1,Hill K1,80,147.3885066,-44.29333069,Coral reef substrate,95,12.82485019,9,QT,1,9,NOT REPLACED,1296.322857
114_0251,Solenosmilia matrix,20,9/12/2018 0:29,IN2018_V06_114,1a,1a,z16,35,147.071225,-44.29645833,Coral rubble,251,1.30799708,22,QT,1,22,NA,NA
063_0332,Solenosmilia matrix,10,1/12/2018 13:37,IN2018_V06_063,1a,1a,z16,43,147.0662874,-44.28300327,Coral rubble,332,11.85545408,38,QT,1,38,NA,1410.4
118_0016,Solenosmilia matrix,100,9/12/2018 8:30,IN2018_V06_118,1,1,z34,44,147.1706387,-44.2802043,Coral reef substrate,16,12.81206857,1,QT,1,1,NA,1148.1
059_0427,Solenosmilia matrix,85,1/12/2018 4:43,IN2018_V06_059,fished,1c,Sisters,56,147.2264849,-44.26235374,Coral reef substrate,427,11.21665166,46,QT,1,46,NA,1268.311111
060_0329,Solenosmilia matrix,100,1/12/2018 5:44,IN2018_V06_060,1,1,Little Sister (z56),38,147.2072894,-44.24946241,Coral reef substrate,329,2.511267751,31,QT,1,31,NA,1271.811111
100_0538,Solenosmilia matrix,45,7/12/2018 16:12,IN2018_V06_100,1,1,slope,59,146.3492516,-44.1762576,Coral reef substrate,538,8.586535018,23,QT,1,23,NA,1365.06
127_0135,Solenosmilia matrix,60,10/12/2018 4:18,IN2018_V06_127,1b,1b,z4,46,147.224081,-44.21080085,Coral reef substrate,135,10.90427387,56,QT,1,56,replace?,1153.9
116_0520,Solenosmilia matrix,25,9/12/2018 3:51,IN2018_V06_116,1,1,Hill U,83,147.1670966,-44.33028365,Rock,520,5.626023462,23,QT,1,23,NA,1418.611111
031_0166,Solenosmilia matrix,100,26/11/2018 23:32,IN2018_V06_031,1,1,Hill U,41,147.1837899,-44.31706579,Coral reef substrate,166,7.131986854,29,QT,1,29,NA,1248.232317
123_0020,Solenosmilia matrix,100,9/12/2018 16:16,IN2018_V06_123,1,1,Hill V,34,147.1725799,-44.39474002,Coral reef substrate,20,4.423992882,27,QT,1,27,NA,1281.556
114_0053,Solenosmilia matrix,100,9/12/2018 0:12,IN2018_V06_114,1a,1a,z16,35,147.0684,-44.29221667,Coral reef substrate,53,4.302625073,29,QT,1,29,NA,NA
059_0392,Solenosmilia matrix,10,1/12/2018 4:40,IN2018_V06_059,fished,1c,Sisters,56,147.2275166,-44.26272014,Coral rubble,392,3.886421903,56,QT,1,56,NA,1255
125_0252,Solenosmilia matrix,30,9/12/2018 21:48,IN2018_V06_125,1a,1a,z16,36,147.0762724,-44.29256664,Rock,252,2.396430938,52,QT-2,2,36,NA,1388.36
054_0084,Solenosmilia matrix,100,30/11/2018 13:32,IN2018_V06_054,1,1,Hill K1,48,147.3849237,-44.29017038,Coral reef substrate,84,8.107214098,33,QT,1,33,NA,1285.142857
060_0246,Solenosmilia matrix,30,1/12/2018 5:37,IN2018_V06_060,1,1,Little Sister (z56),38,147.2093382,-44.25094705,Coral rubble,246,3.873677404,9,QT,1,9,NA,1281.233333
116_0051,Solenosmilia matrix,100,9/12/2018 3:11,IN2018_V06_116,1,1,Hill U,83,147.180995,-44.32338056,Coral reef substrate,51,5.750034714,2,QT,1,2,NA,1144.68
040_0640,Solenosmilia matrix,10,28/11/2018 10:44,IN2018_V06_040,fished,1c,Pedra,80,147.081212,-44.25588382,cobble - boulder,640,13.20325244,100,QT,1,100,NA,1122.2
155_0463,Solenosmilia matrix,35,13/12/2018 8:10,IN2018_V06_156,fished,1b,Corvina group N,30,147.2255674,-44.16336971,Coral rubble,463,4.242541226,108,QT-2,2,44,NA,1087.415
114_0101,Solenosmilia matrix,100,9/12/2018 0:17,IN2018_V06_114,1a,1a,z16,35,147.0692194,-44.29342778,Coral reef substrate,101,8.196620125,11,QT,1,11,NA,NA
100_0584,Solenosmilia matrix,75,7/12/2018 16:16,IN2018_V06_100,1,1,slope,59,146.3481854,-44.17765019,Coral reef substrate,584,7.7353015,15,QT,1,15,NA,1388.1
166_0106,Solenosmilia matrix,100,14/12/2018 15:09,IN2018_V06_166,1,1,z8,70,147.2893713,-44.20437878,Coral reef substrate,106,10.32370315,18,QT,1,18,NA,1156.96
114_0138,Solenosmilia matrix,100,9/12/2018 0:20,IN2018_V06_114,1a,1a,z16,35,147.0698167,-44.29429722,Coral reef substrate,138,4.258998023,31,QT,1,31,NA,NA
060_0306,Solenosmilia matrix,30,1/12/2018 5:42,IN2018_V06_060,1,1,Little Sister (z56),38,147.2078502,-44.24984694,Coral reef substrate,306,8.193379558,23,QT,1,23,NA,1270.888889
046_0574,Solenosmilia matrix,1,29/11/2018 6:07,IN2018_V06_046,4 - fished?,1c,Sisters,67,147.2418448,-44.25431059,Coral rubble,574,3.518678163,25,QT,1,25,NA,1350.091111
114_0208,Solenosmilia matrix,80,9/12/2018 0:26,IN2018_V06_114,1a,1a,z16,35,147.0708639,-44.2958,Coral reef substrate,208,2.529194038,18,QT,1,18,NA,NA
114_0042,Solenosmilia matrix,100,9/12/2018 0:11,IN2018_V06_114,1a,1a,z16,35,147.0682194,-44.29198611,Coral reef substrate,42,3.96078459,49,QT-2,2,17,NA,NA
042_0387,Solenosmilia matrix,10,28/11/2018 16:35,IN2018_V06_042,fished,1c,Sisters,81,147.2584392,-44.26938117,Rock,387,7.81418848,96,QT-2,2,64,NA,1172.071429
125_0196,Solenosmilia matrix,90,9/12/2018 21:44,IN2018_V06_125,1a,1a,z16,36,147.0743366,-44.292056,Coral reef substrate,196,10.07854231,56,QT-2,2,16,NA,1316.483333
098_0160,Solenosmilia matrix,30,7/12/2018 8:04,IN2018_V06_098,1,1,z110,74,146.1947638,-44.26568072,Rock,160,1.956744953,69,QT,1,69,NA,1409
125_0224,Solenosmilia matrix,40,9/12/2018 21:46,IN2018_V06_125,1a,1a,z16,36,147.0752936,-44.2923405,Rock,224,1.836960069,12,QT,1,12,NA,1361.625
031_0089,Solenosmilia matrix,100,26/11/2018 23:26,IN2018_V06_031,1,1,Hill U,41,147.183806,-44.31960142,Coral reef substrate,89,5.20873353,35,QT,1,35,NA,1216.512037
166_0159,Solenosmilia matrix,20,14/12/2018 15:13,IN2018_V06_166,1,1,z8,70,147.2909323,-44.2037605,Coral reef substrate,159,4.196966823,74,QT,1,74,NA,1254.66
100_0315,Solenosmilia matrix,40,7/12/2018 15:53,IN2018_V06_100,1,1,slope,59,146.35506,-44.16935688,Coral reef substrate,315,5.121807186,17,QT,1,17,NA,1283.428571
059_0314,Solenosmilia matrix,10,1/12/2018 4:33,IN2018_V06_059,fished,1c,Sisters,56,147.2294622,-44.26334594,Coral rubble,314,11.6764904,20,QT,1,20,NA,1215.357143
063_0392,Solenosmilia matrix,5,1/12/2018 13:43,IN2018_V06_063,1a,1a,z16,43,147.0656617,-44.2816387,Coral rubble,392,4.723285049,26,QT,1,26,NA,1412.5
116_0222,Solenosmilia matrix,10,9/12/2018 3:25,IN2018_V06_116,1,1,Hill U,83,147.1752106,-44.32562613,Coral rubble,222,7.266588227,52,QT,1,52,NA,1261.1
063_0013,Solenosmilia matrix,100,1/12/2018 13:10,IN2018_V06_063,1a,1a,z16,43,147.0683544,-44.28944005,Coral reef substrate,13,10.76387174,35,QT,1,35,NA,1022.7
042_0670,Solenosmilia matrix,10,28/11/2018 16:59,IN2018_V06_042,fished,1c,Sisters,81,147.2633709,-44.26414159,Rock,670,2.424812667,45,QT,1,45,NA,1320.24
098_0086,Solenosmilia matrix,100,7/12/2018 7:58,IN2018_V06_098,1,1,z110,74,146.1926251,-44.26598231,Coral reef substrate,86,4.526703036,17,QT,1,17,NA,1325.95
060_0223,Solenosmilia matrix,10,1/12/2018 5:35,IN2018_V06_060,1,1,Little Sister (z56),38,147.2098524,-44.25135991,Coral rubble,223,4.819346481,13,QT,1,13,NA,1283.207143
148_0040,Solenosmilia matrix,10,12/12/2018 11:45,IN2018_V06_148,1,1,z96,12,147.3698981,-44.17625867,Rock,40,2.542771484,5,QT-2,2,21,NA,1322.168519
136_0694,Solenosmilia matrix,2,11/12/2018 2:55,IN2018_V06_136,2,2,slope,70,147.5015269,-44.07757489,Coral rubble,694,2.122592576,32,QT,1,32,NA,1160.79375
061_0234,Solenosmilia matrix,5,1/12/2018 8:24,IN2018_V06_061,1,1,Hill U,38,147.1716575,-44.32498712,Rock,234,13.59989834,48,QT-2,2,16,NA,1252.057984
130_0023,Coral reef substrate,5,10/12/2018 10:22,IN2018_V06_130,3,5,slope,63,147.0256095,-44.16536721,Rock,23,4.971044813,43,QT,1,43,NA,559.2283333
063_0073,Solenosmilia matrix,100,1/12/2018 13:15,IN2018_V06_063,1a,1a,z16,43,147.0678302,-44.28815031,Coral reef substrate,73,11.32076868,23,QT,1,23,NA,1085.175
062_0024,Solenosmilia matrix,100,1/12/2018 10:45,IN2018_V06_062,1a,1a,z16,39,147.06892,-44.28929397,Coral reef substrate,24,11.33861501,37,QT,1,37,NA,1037.075
059_0383,Solenosmilia matrix,15,1/12/2018 4:39,IN2018_V06_059,fished,1c,Sisters,56,147.2277465,-44.26279397,Coral rubble,383,4.162444603,24,QT,1,24,NA,1252.53125
032_0449,Solenosmilia matrix,2,27/11/2018 1:53,IN2018_V06_032,1,1,Hill U,55,147.1910311,-44.32015332,Rock,449,12.82138384,29,QT,1,29,NA,1333.55
098_0057,Solenosmilia matrix,100,7/12/2018 7:55,IN2018_V06_098,1,1,z110,74,146.1916534,-44.26611018,Coral reef substrate,57,9.7328775,33,QT,1,33,NA,1299
113_0092,Solenosmilia matrix,100,8/12/2018 22:12,IN2018_V06_113,1a,1a,z16,33,147.0662528,-44.29371944,Coral reef substrate,92,9.562109015,30,QT,1,30,NA,NA
176_0639,Solenosmilia matrix,30,16/12/2018 10:28,IN2018_V06_176,1b,1b,St Helens,66,148.7373835,-41.22842304,Coral rubble,639,1.901475524,NA,QT-2,2,36,NA,950.3425
145_0056,Solenosmilia matrix,5,12/12/2018 3:27,IN2018_V06_145,2,2,z77,70,147.3900705,-44.26336556,Rock,56,4.505103886,37,QT,1,37,NA,1529.26875
082_0115,Solenosmilia matrix,60,5/12/2018 11:34,IN2018_V06_082,1,1,Hill K1,41,147.3890719,-44.29549619,Coral rubble,115,4.762660252,15,QT,1,15,NA,1415.1625
113_0198,Solenosmilia matrix,25,8/12/2018 22:22,IN2018_V06_113,1a,1a,z16,33,147.0621083,-44.29525278,Coral rubble,198,2.261462562,9,QT,1,9,NA,NA
046_0236,Solenosmilia matrix,3,29/11/2018 5:38,IN2018_V06_046,4 - fished?,1c,Sisters,67,147.2398577,-44.26051986,Rock,236,4.631857231,56,QT,1,56,NA,1136.878571
042_0111,Solenosmilia matrix,2,28/11/2018 16:11,IN2018_V06_042,fished,1c,Sisters,81,147.2524609,-44.27427014,cobble - boulder,111,11.02146378,70,QT,1,70,NA,948.7125
045_0234,Solenosmilia matrix,15,29/11/2018 1:00,IN2018_V06_045,1,1,Hill K1,44,147.3903924,-44.2884889,Rock,234,13.9844137,66,QT-2,2,2,NA,1514.86
059_0318,Solenosmilia matrix,10,1/12/2018 4:34,IN2018_V06_059,fished,1c,Sisters,56,147.229373,-44.26331801,Coral rubble,318,7.938824678,84,QT-2,2,52,NA,1217.925
045_0179,Solenosmilia matrix,5,29/11/2018 0:55,IN2018_V06_045,1,1,Hill K1,44,147.3893964,-44.28965637,Coral rubble,179,6.001417149,71,QT-2,2,7,NA,1445.4
044_0325,Solenosmilia matrix,5,28/11/2018 21:54,IN2018_V06_044,4 - fished?,1c,Sisters,72,147.2525244,-44.26462276,Pebble - gravel,325,5.551169512,70,QT,1,70,NA,1246.3
117_0048,Solenosmilia matrix,25,9/12/2018 6:29,IN2018_V06_117,1,1,Hill U,34,147.1787866,-44.32064378,Coral reef substrate,48,3.004713695,31,QT,1,31,NA,1185.26
118_0150,Solenosmilia matrix,40,9/12/2018 8:42,IN2018_V06_118,1,1,z34,44,147.1754737,-44.28016479,Coral reef substrate,150,2.59726423,29,QT,1,29,NA,1321.54
052_0032,Solenosmilia matrix,100,30/11/2018 6:28,IN2018_V06_052,1,1,Hill K1,48,147.3859382,-44.29327116,Coral reef substrate,32,14.83272736,15,QT,1,15,NA,1257.229545
063_0107,Solenosmilia matrix,100,1/12/2018 13:18,IN2018_V06_063,1a,1a,z16,43,147.0675638,-44.28752628,Coral reef substrate,107,12.7567623,69,QT-2,2,5,NA,1141.3
043_0062,Enallopsammia matrix,15,28/11/2018 18:51,IN2018_V06_043,4 - fished?,1c,Sisters,83,147.2524222,-44.27750278,cobble - boulder,62,6.148728594,26,QT,1,26,NA,918.556
064_0114,Solenosmilia matrix,100,1/12/2018 15:50,IN2018_V06_064,1a,1a,z16,37,147.0641194,-44.29269093,Coral reef substrate,114,9.861622264,55,QT-2,2,23,NA,1197.38125
031_0045,Solenosmilia matrix,95,26/11/2018 23:22,IN2018_V06_031,1,1,Hill U,41,147.1838285,-44.32079324,Coral reef substrate,45,8.928974683,15,QT,1,15,NA,1186.252285
043_0157,Solenosmilia matrix,5,28/11/2018 18:59,IN2018_V06_043,4 - fished?,1c,Sisters,83,147.2541658,-44.27951798,Rock,157,13.07407472,94,QT-2,2,70,NA,1047.768571
063_0372,Solenosmilia matrix,25,1/12/2018 13:41,IN2018_V06_063,1a,1a,z16,43,147.0659251,-44.28209581,Coral rubble,372,1.577847503,62,QT-2,2,30,NA,1409.3
041_0114,Solenosmilia matrix,100,28/11/2018 13:23,IN2018_V06_041,1,1,z16,50,147.0654128,-44.28835602,Coral reef substrate,114,14.02856799,81,QT-2,2,17,NA,1164.03
064_0234,Solenosmilia matrix,10,1/12/2018 16:01,IN2018_V06_064,1a,1a,z16,37,147.0607908,-44.29411286,Coral reef substrate,234,8.108854236,10,QT,1,10,NA,1397.171429
082_0255,Solenosmilia matrix,25,5/12/2018 11:46,IN2018_V06_082,1,1,Hill K1,41,147.3929517,-44.29758296,Coral reef substrate,255,2.04818746,2,QT,1,2,NA,1491.309375
114_0326,Solenosmilia matrix,10,9/12/2018 0:36,IN2018_V06_114,1a,1a,z16,35,147.072625,-44.29795,Coral rubble,326,3.433538586,8,QT,1,8,NA,NA
082_0134,Solenosmilia matrix,60,5/12/2018 11:36,IN2018_V06_082,1,1,Hill K1,41,147.3895739,-44.29576596,Coral reef substrate,134,4.840743629,39,QT,1,39,NA,1429
093_0124,Solenosmilia matrix,2,6/12/2018 20:19,IN2018_V06_093,1b,1b,Fang,20,146.1632792,-44.20561176,Rock,124,5.039885811,23,QT,1,23,NA,981.4
042_0582,Solenosmilia matrix,60,28/11/2018 16:51,IN2018_V06_042,fished,1c,Sisters,81,147.2621284,-44.26591713,Coral reef substrate,582,12.46892851,31,QT,1,31,NA,1276.5475
114_0197,Solenosmilia matrix,95,9/12/2018 0:25,IN2018_V06_114,1a,1a,z16,35,147.0706972,-44.2956,Coral reef substrate,197,2.045111645,2,QT,1,2,NA,NA
051_0046,Solenosmilia matrix,100,30/11/2018 2:26,IN2018_V06_051,1,1,Hill K1,80,147.3872187,-44.29313352,Coral reef substrate,46,2.802396529,1,QT,1,1,NA,1239.0175
085_0041,Solenosmilia matrix,1,6/12/2018 2:38,IN2018_V06_085,1b,1b,Main Matt,75,146.1900996,-44.2154373,Coral rubble,41,2.204657766,31,QT,1,31,NA,673.2333333
114_0149,Solenosmilia matrix,100,9/12/2018 0:21,IN2018_V06_114,1a,1a,z16,35,147.0699944,-44.29453889,Coral reef substrate,149,2.779395791,47,QT-2,2,7,NA,NA
032_0124,Solenosmilia matrix,100,27/11/2018 1:26,IN2018_V06_032,1,1,Hill U,55,147.1828959,-44.32210964,Coral reef substrate,124,4.00625044,46,QT,1,46,NA,1147.3
032_0278,Solenosmilia matrix,1,27/11/2018 1:39,IN2018_V06_032,1,1,Hill U,55,147.1866767,-44.32119459,Coral rubble,278,2.720279553,19,QT,1,19,NA,1240.7
054_0277,Solenosmilia matrix,20,30/11/2018 13:49,IN2018_V06_054,1,1,Hill K1,48,147.3802728,-44.28777951,Coral reef substrate,277,11.08488438,22,QT,1,22,NA,1500.977778
044_0252,Solenosmilia matrix,2,28/11/2018 21:48,IN2018_V06_044,4 - fished?,1c,Sisters,72,147.2506892,-44.26591736,Coral rubble,252,5.43161712,114,QT-2,2,2,NA,1181.094
063_0126,Solenosmilia matrix,100,1/12/2018 13:20,IN2018_V06_063,1a,1a,z16,43,147.0674639,-44.28716047,Coral reef substrate,126,9.439967437,21,QT,1,21,NA,1165.95
075_0460,Solenosmilia matrix,5,4/12/2018 0:47,IN2018_V06_075,1b,1b,Main Matt,66,146.1744351,-44.21540382,Rock,460,6.323846855,123,QT-2,2,59,NA,994.6
046_0226,Solenosmilia matrix,5,29/11/2018 5:37,IN2018_V06_046,4 - fished?,1c,Sisters,67,147.2399148,-44.26072049,Coral rubble,226,12.22961049,72,QT-2,2,8,NA,1126.44
046_0475,Solenosmilia matrix,10,29/11/2018 5:58,IN2018_V06_046,4 - fished?,1c,Sisters,67,147.2411853,-44.25618121,Rock,475,5.853767336,75,QT-2,2,59,NA,1303.591111
041_0130,Solenosmilia matrix,100,28/11/2018 13:25,IN2018_V06_041,1,1,z16,50,147.0650352,-44.28838445,Coral reef substrate,130,8.586113063,55,QT,1,55,NA,1177.566667
064_0291,Solenosmilia matrix,2,1/12/2018 16:06,IN2018_V06_064,1a,1a,z16,37,147.0594411,-44.29477942,Coral rubble,291,10.64117897,24,QT,1,24,NA,1451.516667
059_0409,Solenosmilia matrix,80,1/12/2018 4:41,IN2018_V06_059,fished,1c,Sisters,56,147.22704,-44.26255668,Coral reef substrate,409,12.27088289,72,QT-2,2,40,NA,1262.61875
095_0044,Solenosmilia matrix,100,7/12/2018 1:04,IN2018_V06_095,1,1,z99,66,146.2340154,-44.26843198,Coral reef substrate,44,8.829984598,75,QT,1,75,NA,1208.414286
145_0045,Solenosmilia matrix,50,12/12/2018 3:26,IN2018_V06_145,2,2,z77,70,147.3898208,-44.26359066,Coral rubble,45,5.327127115,5,QT,1,5,NA,1521.9375
082_0026,Solenosmilia matrix,95,5/12/2018 11:26,IN2018_V06_082,1,1,Hill K1,41,147.3869946,-44.29432115,Coral reef substrate,26,3.372471472,5,QT,1,5,NA,1325.011429
097_0433,Solenosmilia matrix,1,7/12/2018 5:29,IN2018_V06_097,1b,1b,Main Matt,64,146.1595651,-44.2121541,Rock,433,5.868341521,19,QT,1,19,NA,1088.775
110_0474,Solenosmilia matrix,90,8/12/2018 16:44,IN2018_V06_110,4 - fished?,1c,Pedra,54,147.1114389,-44.27288557,Coral reef substrate,474,2.99088316,35,QT,1,35,NA,1200.316667
052_0188,Solenosmilia matrix,20,30/11/2018 6:41,IN2018_V06_052,1,1,Hill K1,48,147.3859449,-44.29657538,Coral rubble,188,14.49468808,45,QT,1,45,NA,1476.18125
062_0168,Solenosmilia matrix,100,1/12/2018 10:58,IN2018_V06_062,1a,1a,z16,39,147.0680122,-44.28591658,Coral reef substrate,168,9.941673854,43,QT-2,2,11,NA,1242.75
042_0488,Solenosmilia matrix,5,28/11/2018 16:43,IN2018_V06_042,fished,1c,Sisters,81,147.2605601,-44.26765851,Rock,488,12.46690172,91,QT-2,2,27,NA,1229.042857
059_0219,Solenosmilia matrix,5,1/12/2018 4:25,IN2018_V06_059,fished,1c,Sisters,56,147.2320549,-44.26372093,Rock,219,8.610028461,49,QT,1,49,NA,1098.68
168_0228,Solenosmilia matrix,60,14/12/2018 20:21,IN2018_V06_168,1b,1b,z4,37,147.2420642,-44.21161962,Coral reef substrate,228,4.250021387,70,QT-2,2,6,NA,1109.285714
062_0195,Solenosmilia matrix,100,1/12/2018 11:00,IN2018_V06_062,1a,1a,z16,39,147.067874,-44.28538339,Coral reef substrate,195,9.538097201,54,QT-2,2,22,NA,1280.938889
064_0285,Solenosmilia matrix,1,1/12/2018 16:05,IN2018_V06_064,1a,1a,z16,37,147.0595671,-44.29471241,Coral rubble,285,3.421094144,40,QT,1,40,NA,1449.083333
114_0185,Solenosmilia matrix,100,9/12/2018 0:24,IN2018_V06_114,1a,1a,z16,35,147.0705333,-44.29532778,Coral reef substrate,185,4.710679568,74,QT-2,2,10,NA,NA
116_0507,Solenosmilia matrix,25,9/12/2018 3:50,IN2018_V06_116,1,1,Hill U,83,147.167441,-44.3300529,Coral reef substrate,507,1.023540937,75,QT,1,75,NA,1405.54
119_0007,Solenosmilia matrix,100,9/12/2018 9:37,IN2018_V06_119,1,1,z20,24,147.2045644,-44.27884062,Coral reef substrate,7,12.84461159,23,QT,1,23,NA,1093.7125
119_0115,Solenosmilia matrix,60,9/12/2018 9:46,IN2018_V06_119,1,1,z20,24,147.2078049,-44.27873037,Coral reef substrate,115,7.205697342,21,QT,1,21,NA,1217.116176
063_0209,Solenosmilia matrix,100,1/12/2018 13:27,IN2018_V06_063,1a,1a,z16,43,147.06715259999999,-44.28551945,Coral reef substrate,209,10.7095835,1,QT,1,1,NA,1272.7
054_0303,Solenosmilia matrix,5,30/11/2018 13:51,IN2018_V06_054,1,1,Hill K1,48,147.3797733,-44.28748976,Coral rubble,303,4.608338064,50,QT,1,50,NA,1535.120988
113_0054,Solenosmilia matrix,100,8/12/2018 22:09,IN2018_V06_113,1a,1a,z16,33,147.0673083,-44.29320278,Coral reef substrate,54,7.670008392,8,QT,1,8,NA,NA
059_0418,Solenosmilia matrix,40,1/12/2018 4:42,IN2018_V06_059,fished,1c,Sisters,56,147.2267943,-44.26246882,Coral reef substrate,418,13.01239685,14,QT,1,14,NA,1264.54375
166_0115,Solenosmilia matrix,100,14/12/2018 15:09,IN2018_V06_166,1,1,z8,70,147.2896557,-44.20429163,Coral reef substrate,115,6.372660995,66,QT,1,66,NA,1171.682857
125_0208,Solenosmilia matrix,30,9/12/2018 21:45,IN2018_V06_125,1a,1a,z16,36,147.07477600000001,-44.29217664,Coral reef substrate,208,2.927822144,48,QT-2,2,32,NA,1334.98
045_0241,Solenosmilia matrix,5,29/11/2018 1:00,IN2018_V06_045,1,1,Hill K1,44,147.3905254,-44.28836572,Rock,241,4.410432611,50,QT-2,2,18,NA,1520.04
125_0092,Solenosmilia matrix,100,9/12/2018 21:34,IN2018_V06_125,1a,1a,z16,36,147.0710606,-44.29117834,Coral reef substrate,92,6.833675657,9,QT,1,9,NA,1169.01875
116_0273,Solenosmilia matrix,5,9/12/2018 3:30,IN2018_V06_116,1,1,Hill U,83,147.1736577,-44.32628538,Coral rubble,273,7.01403845,60,QT,1,60,NA,1311.18
113_0001,Solenosmilia matrix,100,8/12/2018 22:04,IN2018_V06_113,1a,1a,z16,33,147.0687667,-44.29228333,Coral reef substrate,1,13.25833016,20,QT,1,20,NA,NA
146_0204,Solenosmilia matrix,20,12/12/2018 6:46,IN2018_V06_146,1,1,z5,72,147.2866346,-44.24429914,Coral rubble,204,5.497894768,12,QT,1,12,NA,1434.4
168_0262,Solenosmilia matrix,80,14/12/2018 20:24,IN2018_V06_168,1b,1b,z4,37,147.2431583,-44.21147067,Coral reef substrate,262,8.93465305,58,QT-2,2,26,NA,1153.2
063_0246,Solenosmilia matrix,100,1/12/2018 13:30,IN2018_V06_063,1a,1a,z16,43,147.0669725,-44.28475712,Coral reef substrate,246,7.794571599,12,QT,1,12,NA,1326.95
062_0301,Solenosmilia matrix,20,1/12/2018 11:09,IN2018_V06_062,1a,1a,z16,39,147.0671269,-44.28314189,Coral reef substrate,301,11.00303299,24,QT,1,24,NA,1403.127778
168_0245,Solenosmilia matrix,40,14/12/2018 20:23,IN2018_V06_168,1b,1b,z4,37,147.2426228,-44.21153105,Coral reef substrate,245,7.493752951,34,QT,1,34,NA,1133.64
052_0047,Solenosmilia matrix,60,30/11/2018 6:29,IN2018_V06_052,1,1,Hill K1,48,147.385888,-44.29363052,Coral reef substrate,47,13.89954235,31,QT,1,31,NA,1281.0975
146_0137,Solenosmilia matrix,50,12/12/2018 6:40,IN2018_V06_146,1,1,z5,72,147.285329,-44.24570721,Coral rubble,137,5.567726318,6,QT,1,6,NA,1382.1
176_0600,Solenosmilia matrix,5,16/12/2018 10:24,IN2018_V06_176,1b,1b,St Helens,66,148.7386987,-41.22865205,Coral rubble,600,4.461819739,76,QT-2,2,28,NA,937.9
121_0049,Solenosmilia matrix,100,9/12/2018 13:12,IN2018_V06_121,fished,3,Belinda's Dory Hill,18,147.1177076,-44.38082162,Coral reef substrate,49,7.014319184,19,QT,1,19,NA,1192.538889
055_0006,Solenosmilia matrix,100,30/11/2018 16:05,IN2018_V06_055,1,1,Hill K1,60,147.3866284,-44.29294927,Coral reef substrate,6,13.24922872,25,QT,1,25,NA,1228.283333
059_0457,Solenosmilia matrix,10,1/12/2018 4:46,IN2018_V06_059,fished,1c,Sisters,56,147.2255208,-44.2619821,Coral rubble,457,8.016859937,86,QT-2,2,54,NA,1278.6
116_0569,Solenosmilia matrix,10,9/12/2018 3:55,IN2018_V06_116,1,1,Hill U,83,147.1659547,-44.33103488,Coral rubble,569,3.896814181,7,QT,1,7,NA,1440.34
045_0261,Solenosmilia matrix,20,29/11/2018 1:02,IN2018_V06_045,1,1,Hill K1,44,147.3909191,-44.28798027,Rock,261,14.63376167,74,QT-2,2,10,NA,1556.74
125_0003,Solenosmilia matrix,100,9/12/2018 21:27,IN2018_V06_125,1a,1a,z16,36,147.068074,-44.29056136,Coral reef substrate,3,3.141873236,7,QT,1,7,NA,1014.08125
176_0649,Solenosmilia matrix,10,16/12/2018 10:29,IN2018_V06_176,1b,1b,St Helens,66,148.7370216,-41.22836733,Coral rubble,649,3.933891427,NA,QT-2,2,20,NA,955.1925
119_0160,Solenosmilia matrix,1,9/12/2018 9:50,IN2018_V06_119,1,1,z20,24,147.2094259,-44.27887895,Rock,160,5.749094767,12,QT,1,12,NA,1292.522222
095_0236,Solenosmilia matrix,10,7/12/2018 1:21,IN2018_V06_095,1,1,z99,66,146.2297884,-44.26516279,Coral rubble,236,9.181996893,29,QT,1,29,NA,1484.864286
063_0239,Solenosmilia matrix,100,1/12/2018 13:30,IN2018_V06_063,1a,1a,z16,43,147.0669971,-44.28489462,Coral reef substrate,239,7.060132582,52,QT-2,2,20,NA,1316.45
044_0267,Solenosmilia matrix,5,28/11/2018 21:49,IN2018_V06_044,4 - fished?,1c,Sisters,72,147.2510514,-44.26562583,Pebble - gravel,267,11.1673198,18,QT,1,18,NA,1191.2225
061_0058,Solenosmilia matrix,100,1/12/2018 8:10,IN2018_V06_061,1,1,Hill U,38,147.1781635,-44.32281192,Coral reef substrate,58,6.973719008,27,QT,1,27,NA,1140.942857
147_0064,Solenosmilia matrix,10,12/12/2018 10:44,IN2018_V06_147,1,1,New 1,57,147.3429996,-44.18984063,Coral rubble,64,3.825787345,18,QT,1,18,NA,1577.366
168_0285,Solenosmilia matrix,100,14/12/2018 20:26,IN2018_V06_168,1b,1b,z4,37,147.243884,-44.21136578,Coral reef substrate,285,3.349298952,48,QT-2,2,16,NA,1182.78
155_0514,Solenosmilia matrix,1,13/12/2018 8:14,IN2018_V06_156,fished,1b,Corvina group N,30,147.2273308,-44.16268104,Coral rubble,514,3.553066662,68,QT,1,68,NA,1166.257143
042_0707,Solenosmilia matrix,40,28/11/2018 17:02,IN2018_V06_042,fished,1c,Sisters,81,147.2639272,-44.26338685,Coral reef substrate,707,8.130544691,9,QT,1,9,NA,1331.294286
064_0194,Solenosmilia matrix,90,1/12/2018 15:57,IN2018_V06_064,1a,1a,z16,37,147.0619041,-44.29361001,Coral reef substrate,194,7.058379011,38,QT,1,38,NA,1342.8
068_0197,Solenosmilia matrix,40,2/12/2018 2:46,IN2018_V06_068,1,1,Hill K1,45,147.3863424,-44.28788227,Coral reef substrate,197,10.13821261,3,QT,1,3,NA,1435.869643
060_0282,Solenosmilia matrix,85,1/12/2018 5:40,IN2018_V06_060,1,1,Little Sister (z56),38,147.2084865,-44.25029974,Coral reef substrate,282,11.99302005,33,QT,1,33,NA,1274.155556
166_0084,Solenosmilia matrix,80,14/12/2018 15:07,IN2018_V06_166,1,1,z8,70,147.2886872,-44.20464779,Coral reef substrate,84,7.137681663,38,QT,1,38,NA,1115.026667
032_0141,Solenosmilia matrix,100,27/11/2018 1:27,IN2018_V06_032,1,1,Hill U,55,147.1833891,-44.3218946,Coral reef substrate,141,2.323060657,20,QT,1,20,NA,1158.4
082_0236,Solenosmilia matrix,85,5/12/2018 11:45,IN2018_V06_082,1,1,Hill K1,41,147.3924426,-44.29735499,Coral reef substrate,236,1.683607457,38,QT,1,38,NA,1469.533333
031_0134,Solenosmilia matrix,100,26/11/2018 23:30,IN2018_V06_031,1,1,Hill U,41,147.1837669,-44.31806392,Coral reef substrate,134,5.018648375,1,QT,1,1,NA,1226.847396
114_0224,Solenosmilia matrix,50,9/12/2018 0:27,IN2018_V06_114,1a,1a,z16,35,147.0710556,-44.296075,Coral reef substrate,224,2.526364018,30,QT,1,30,NA,NA
097_0044,Enallopsammia matrix,5,7/12/2018 4:56,IN2018_V06_097,1b,1b,Main Matt,64,146.170791,-44.22015851,Rock,44,7.161693186,70,QT,1,70,NA,1030.577778
098_0069,Solenosmilia matrix,100,7/12/2018 7:56,IN2018_V06_098,1,1,z110,74,146.1921005,-44.26604978,Coral reef substrate,69,9.10181232,65,QT,1,65,NA,1311.8
168_0301,Solenosmilia matrix,90,14/12/2018 20:27,IN2018_V06_168,1b,1b,z4,37,147.2444268,-44.21124436,Coral reef substrate,301,2.674922399,88,QT-2,2,24,NA,1208.7
068_0017,Solenosmilia matrix,80,2/12/2018 2:31,IN2018_V06_068,1,1,Hill K1,45,147.3871657,-44.2923453,Coral reef substrate,17,10.51628367,5,QT,1,5,NA,1239.917204
145_0013,Solenosmilia matrix,20,12/12/2018 3:23,IN2018_V06_145,2,2,z77,70,147.3891933,-44.26419509,Coral reef substrate,13,10.33329956,29,QT,1,29,NA,1480.7375
032_0193,Solenosmilia matrix,10,27/11/2018 1:31,IN2018_V06_032,1,1,Hill U,55,147.1845771,-44.32155916,Coral rubble,193,2.670599835,44,QT,1,44,NA,1193.225
032_0306,Solenosmilia matrix,5,27/11/2018 1:41,IN2018_V06_032,1,1,Hill U,55,147.1871838,-44.32108024,Rock,306,4.346061648,3,QT,1,3,NA,1254.8
082_0160,Solenosmilia matrix,5,5/12/2018 11:38,IN2018_V06_082,1,1,Hill K1,41,147.390286,-44.29618439,Coral reef substrate,160,3.532260884,35,QT,1,35,NA,1428.645714
043_0067,Enallopsammia matrix,1,28/11/2018 18:52,IN2018_V06_043,4 - fished?,1c,Sisters,83,147.252531,-44.27761521,Rock,67,13.91040101,122,QT-2,2,58,NA,926.32
059_0028,Enallopsammia matrix,1,1/12/2018 4:09,IN2018_V06_059,fished,1c,Sisters,56,147.2372458,-44.26483193,Rock,28,11.1766653,59,QT-2,2,24,replacing 27?,857.425
046_0241,Solenosmilia matrix,15,29/11/2018 5:39,IN2018_V06_046,4 - fished?,1c,Sisters,67,147.2398409,-44.26043365,Rock,241,7.502909853,24,QT,1,24,NA,1139.57
051_0236,Solenosmilia matrix,10,30/11/2018 2:44,IN2018_V06_051,1,1,Hill K1,80,147.3921495,-44.29381103,Rock,236,5.762942776,99,QT-2,2,67,NA,1477.11875
125_0072,Solenosmilia matrix,100,9/12/2018 21:33,IN2018_V06_125,1a,1a,z16,36,147.0704767,-44.29103115,Coral reef substrate,72,4.358102986,83,QT-2,2,19,NA,1141.14375
057_0211,Solenosmilia matrix,5,30/11/2018 21:58,IN2018_V06_057,fished,1c,Sisters,67,147.232995,-44.26707632,cobble - boulder,211,8.155873511,33,QT,1,33,NA,1076.144444
125_0136,Solenosmilia matrix,50,9/12/2018 21:38,IN2018_V06_125,1a,1a,z16,36,147.072378,-44.29154697,Coral reef substrate,136,4.240308758,13,QT,1,13,NA,1233.94
063_0259,Solenosmilia matrix,80,1/12/2018 13:31,IN2018_V06_063,1a,1a,z16,43,147.066913,-44.284466020000004,Coral reef substrate,259,5.998267146,28,QT,1,28,NA,1335.8
062_0361,Solenosmilia matrix,15,1/12/2018 11:14,IN2018_V06_062,1a,1a,z16,39,147.0665341,-44.28165761,Coral rubble,361,5.533033018,44,QT-2,2,4,NA,1401.6875
059_0331,Solenosmilia matrix,60,1/12/2018 4:35,IN2018_V06_059,fished,1c,Sisters,56,147.2290513,-44.26321515,Coral reef substrate,331,12.92150143,36,QT,1,36,NA,1226.625
042_0638,Solenosmilia matrix,35,28/11/2018 16:56,IN2018_V06_042,fished,1c,Sisters,81,147.262936,-44.26478805,Coral reef substrate,638,6.787890308,85,QT-2,2,21,NA,1301.693333
168_0222,Solenosmilia matrix,20,14/12/2018 20:21,IN2018_V06_168,1b,1b,z4,37,147.2418319,-44.21165736,Rock,222,4.226058725,38,QT,1,38,NA,1098.871429
121_0063,Solenosmilia matrix,100,9/12/2018 13:13,IN2018_V06_121,fished,3,Belinda's Dory Hill,18,147.1177115,-44.38135138,Coral reef substrate,63,4.964367223,11,QT,1,11,NA,1220.053125
082_0109,Solenosmilia matrix,25,5/12/2018 11:34,IN2018_V06_082,1,1,Hill K1,41,147.3889259,-44.29541662,Rock,109,7.366165109,31,QT,1,31,NA,1404.385714
082_0357,Solenosmilia matrix,50,5/12/2018 11:55,IN2018_V06_082,1,1,Hill K1,41,147.3963951,-44.29934907,Coral reef substrate,357,3.246018392,4,QT,1,4,NA,1489.668571
119_0011,Solenosmilia matrix,100,9/12/2018 9:37,IN2018_V06_119,1,1,z20,24,147.2047018,-44.27882114,Coral reef substrate,11,10.83202377,7,QT,1,7,NA,1087.55
062_0277,Solenosmilia matrix,75,1/12/2018 11:07,IN2018_V06_062,1a,1a,z16,39,147.0673514,-44.28368361,Coral reef substrate,277,4.62451692,34,QT,1,34,NA,1381.827778
125_0183,Solenosmilia matrix,60,9/12/2018 21:42,IN2018_V06_125,1a,1a,z16,36,147.0739442,-44.29194391,Coral reef substrate,183,3.324127522,72,QT-2,2,8,NA,1301.688889
098_0195,Solenosmilia matrix,30,7/12/2018 8:07,IN2018_V06_098,1,1,z110,74,146.1957761,-44.26549313,Coral rubble,195,7.765111694,27,QT,1,27,NA,1439.85
063_0206,Solenosmilia matrix,100,1/12/2018 13:27,IN2018_V06_063,1a,1a,z16,43,147.0671703,-44.28556655,Coral reef substrate,206,12.29892275,33,QT,1,33,NA,1271.25
099_0443,Solenosmilia matrix,1,7/12/2018 12:33,IN2018_V06_099,2,2,slope,76,146.4456553,-44.28984446,Rock,443,3.305654877,39,QT,1,39,NA,1571.23
055_0062,Solenosmilia matrix,5,30/11/2018 16:10,IN2018_V06_055,1,1,Hill K1,60,147.3854064,-44.29401245,Coral rubble,62,4.423395557,49,QT,1,49,NA,1319.4875
057_0452,Solenosmilia matrix,10,30/11/2018 22:18,IN2018_V06_057,fished,1c,Sisters,67,147.2263179,-44.26805128,Coral rubble,452,6.946961933,12,QT,1,12,NA,1312.094444
051_0142,Solenosmilia matrix,25,30/11/2018 2:35,IN2018_V06_051,1,1,Hill K1,80,147.3896999,-44.29347377,Coral reef substrate,142,6.477656175,69,QT,1,69,NA,1350.975
056_0050,Solenosmilia matrix,1,30/11/2018 19:10,IN2018_V06_056,fished,1c,Sisters,70,147.2485697,-44.27649042,Coral rubble,50,3.746980947,22,QT,1,22,NA,889.4
113_0119,Solenosmilia matrix,100,8/12/2018 22:14,IN2018_V06_113,1a,1a,z16,33,147.0653278,-44.29413056,Coral reef substrate,119,4.804219574,42,QT-2,2,26,NA,NA
046_0527,Solenosmilia matrix,5,29/11/2018 6:03,IN2018_V06_046,4 - fished?,1c,Sisters,67,147.2414988,-44.25526264,Coral rubble,527,2.655429943,49,QT,1,49,NA,1337.588571
046_0387,Solenosmilia matrix,25,29/11/2018 5:51,IN2018_V06_046,4 - fished?,1c,Sisters,67,147.2403824,-44.2577382,Coral reef substrate,387,8.572984897,7,QT,1,7,NA,1253.58
046_0361,Solenosmilia matrix,15,29/11/2018 5:49,IN2018_V06_046,4 - fished?,1c,Sisters,67,147.2402184,-44.25817532,Rock,361,5.684133076,47,QT,1,47,NA,1238.69
125_0050,Solenosmilia matrix,100,9/12/2018 21:31,IN2018_V06_125,1a,1a,z16,36,147.0698781,-44.29091755,Coral reef substrate,50,5.114079213,75,QT-2,2,11,NA,1100.26
060_0152,Solenosmilia matrix,100,1/12/2018 5:29,IN2018_V06_060,1,1,Little Sister (z56),38,147.2114443,-44.25265992,Coral reef substrate,152,3.728649003,10,QT,1,10,NA,1292.5
099_0302,Solenosmilia matrix,5,7/12/2018 12:21,IN2018_V06_099,2,2,slope,76,146.4498088,-44.28836984,Rock,302,3.660804902,36,QT,1,36,NA,1502.375
041_0056,Solenosmilia matrix,100,28/11/2018 13:18,IN2018_V06_041,1,1,z16,50,147.0670114,-44.28833371,Coral reef substrate,56,14.28269277,45,QT,1,45,NA,1097.3625
045_0217,Solenosmilia matrix,100,29/11/2018 0:58,IN2018_V06_045,1,1,Hill K1,44,147.3900565,-44.28881786,Coral reef substrate,217,5.049984245,31,QT,1,31,NA,1482.24
059_0271,Solenosmilia matrix,10,1/12/2018 4:30,IN2018_V06_059,fished,1c,Sisters,56,147.2307117,-44.26354892,Rock,271,10.44077623,73,QT-2,2,9,NA,1163.988889
031_0274,Solenosmilia matrix,25,26/11/2018 23:42,IN2018_V06_031,1,1,Hill U,41,147.1838956,-44.31406512,Coral reef substrate,274,10.59862534,12,QT,1,12,NA,1361.21875
155_0430,Solenosmilia matrix,40,13/12/2018 8:07,IN2018_V06_156,fished,1b,Corvina group N,30,147.2242967,-44.1638339,Coral rubble,430,3.130096947,38,QT,1,38,NA,1024.716667
123_0161,Solenosmilia matrix,50,9/12/2018 16:27,IN2018_V06_123,1,1,Hill V,34,147.1762563,-44.39266267,Rock,161,5.771227866,25,QT,1,25,NA,1443.84
031_0287,Solenosmilia matrix,30,26/11/2018 23:43,IN2018_V06_031,1,1,Hill U,41,147.1838291,-44.31380539,Coral reef substrate,287,8.497452372,4,QT,1,4,NA,1376.513115
061_0170,Solenosmilia matrix,10,1/12/2018 8:19,IN2018_V06_061,1,1,Hill U,38,147.1743611,-44.32394755,Rock,170,6.695839367,5,QT,1,5,NA,1275.151111
068_0357,Solenosmilia matrix,2,2/12/2018 3:01,IN2018_V06_068,1,1,Hill K1,45,147.3860077,-44.28335312,Coral rubble,357,4.054601069,40,QT,1,40,NA,1629.476538
114_0332,Solenosmilia matrix,5,9/12/2018 0:36,IN2018_V06_114,1a,1a,z16,35,147.0727667,-44.29806944,Coral rubble,332,3.908090118,40,QT-2,2,24,NA,NA
060_0057,Solenosmilia matrix,100,1/12/2018 5:21,IN2018_V06_060,1,1,Little Sister (z56),38,147.2133036,-44.25413881,Coral reef substrate,57,1.068849958,8,QT,1,8,NA,1174.6
095_0226,Solenosmilia matrix,1,7/12/2018 1:20,IN2018_V06_095,1,1,z99,66,146.2300073,-44.26532573,camera off bottom,226,10.19819316,45,QT,1,45,NA,1474.2
063_0166,Solenosmilia matrix,100,1/12/2018 13:23,IN2018_V06_063,1a,1a,z16,43,147.067351,-44.28634974,Coral reef substrate,166,9.726021484,9,QT,1,9,NA,1217.4
127_0075,Solenosmilia matrix,100,10/12/2018 4:13,IN2018_V06_127,1b,1b,z4,46,147.2263279,-44.21144293,Coral reef substrate,75,7.877480689,26,QT,1,26,NA,1074.6
064_0131,Solenosmilia matrix,100,1/12/2018 15:51,IN2018_V06_064,1a,1a,z16,37,147.063541,-44.29288805,Coral reef substrate,131,6.806948834,31,QT,1,31,NA,1235.225
064_0023,Solenosmilia matrix,100,1/12/2018 15:42,IN2018_V06_064,1a,1a,z16,37,147.0667208,-44.29180108,Coral reef substrate,23,14.45443601,53,QT-2,2,21,NA,1067.3
045_0124,Solenosmilia matrix,5,29/11/2018 0:50,IN2018_V06_045,1,1,Hill K1,44,147.3885624,-44.29082919,Rock,124,15.04684271,67,QT-2,2,3,NA,1358.8
054_0262,Solenosmilia matrix,10,30/11/2018 13:47,IN2018_V06_054,1,1,Hill K1,48,147.3805374,-44.28796751,Coral reef substrate,262,5.666808816,30,QT,1,30,NA,1506.111111
113_0036,Solenosmilia matrix,100,8/12/2018 22:07,IN2018_V06_113,1a,1a,z16,33,147.0678611,-44.29286944,Coral reef substrate,36,10.05651578,12,QT,1,12,NA,NA
060_0276,Solenosmilia matrix,75,1/12/2018 5:40,IN2018_V06_060,1,1,Little Sister (z56),38,147.2086216,-44.25039538,Coral reef substrate,276,5.065672997,1,QT,1,1,NA,1273.51875
113_0135,Solenosmilia matrix,100,8/12/2018 22:16,IN2018_V06_113,1a,1a,z16,33,147.0647056,-44.29435833,Coral rubble,135,6.551362751,2,QT,1,2,NA,NA
041_0141,Solenosmilia matrix,15,28/11/2018 13:26,IN2018_V06_041,1,1,z16,50,147.064847,-44.28840381,Coral reef substrate,141,8.565666545,7,QT,1,7,NA,1189.561111
060_0175,Solenosmilia matrix,90,1/12/2018 5:31,IN2018_V06_060,1,1,Little Sister (z56),38,147.2110051,-44.25230304,Coral reef substrate,175,2.817177618,18,QT,1,18,NA,1292.433333
113_0064,Solenosmilia matrix,100,8/12/2018 22:10,IN2018_V06_113,1a,1a,z16,33,147.0670639,-44.29333889,Coral reef substrate,64,7.88148353,48,QT-2,2,32,NA,NA
059_0201,Solenosmilia matrix,5,1/12/2018 4:24,IN2018_V06_059,fished,1c,Sisters,56,147.2325426,-44.26375525,Rock,201,5.626236937,69,QT-2,2,5,NA,1081.075
041_0265,Solenosmilia matrix,25,28/11/2018 13:36,IN2018_V06_041,1,1,z16,50,147.0616126,-44.28884163,Coral reef substrate,265,6.687592537,6,QT,1,6,NA,1317.777778
054_0025,Solenosmilia matrix,30,30/11/2018 13:27,IN2018_V06_054,1,1,Hill K1,48,147.3866747,-44.29100161,Coral reef substrate,25,9.105101061,29,QT,1,29,NA,1285.375
136_0566,Solenosmilia matrix,5,11/12/2018 2:44,IN2018_V06_136,2,2,slope,70,147.5017129,-44.07475362,Coral rubble,566,5.208528128,44,QT,1,44,NA,1078.033333
082_0128,Solenosmilia matrix,70,5/12/2018 11:35,IN2018_V06_082,1,1,Hill K1,41,147.3894153,-44.29568157,Coral reef substrate,128,1.85923315,7,QT,1,7,NA,1429.842857
082_0058,Solenosmilia matrix,40,5/12/2018 11:29,IN2018_V06_082,1,1,Hill K1,41,147.3876887,-44.29472081,Coral reef substrate,58,9.050079472,33,QT,1,33,NA,1356.807143
046_0594,Solenosmilia matrix,1,29/11/2018 6:08,IN2018_V06_046,4 - fished?,1c,Sisters,67,147.2419615,-44.25395226,Coral rubble,594,9.920175436,5,QT,1,5,NA,1352.25
125_0081,Solenosmilia matrix,70,9/12/2018 21:34,IN2018_V06_125,1a,1a,z16,36,147.0707418,-44.29108173,Coral reef substrate,81,8.086055273,35,QT,1,35,NA,1155.93125
155_0472,Solenosmilia matrix,95,13/12/2018 8:10,IN2018_V06_156,fished,1b,Corvina group N,30,147.2258415,-44.16325672,Coral reef substrate,472,6.341527661,92,QT,1,92,NA,1107.146667
031_0115,Solenosmilia matrix,100,26/11/2018 23:28,IN2018_V06_031,1,1,Hill U,41,147.1838181,-44.31869827,Coral reef substrate,115,6.288509136,25,QT,1,25,NA,1185.44316
031_0217,Solenosmilia matrix,95,26/11/2018 23:37,IN2018_V06_031,1,1,Hill U,41,147.1840179,-44.3154516,Coral reef substrate,217,9.109422585,24,QT,1,24,NA,1300.8
060_0181,Solenosmilia matrix,50,1/12/2018 5:31,IN2018_V06_060,1,1,Little Sister (z56),38,147.2108197,-44.25214865,Coral reef substrate,181,3.378137397,2,QT,1,2,NA,1290.05
060_0187,Solenosmilia matrix,95,1/12/2018 5:32,IN2018_V06_060,1,1,Little Sister (z56),38,147.2106717,-44.25202936,Coral reef substrate,187,5.921586432,34,QT,1,34,NA,1288.15
155_0477,Solenosmilia matrix,10,13/12/2018 8:11,IN2018_V06_156,fished,1b,Corvina group N,30,147.2260315,-44.16318068,Coral rubble,477,4.147645877,60,QT,1,60,NA,1114.44
113_0090,Solenosmilia matrix,100,8/12/2018 22:12,IN2018_V06_113,1a,1a,z16,33,147.0662194,-44.29367222,Coral reef substrate,90,4.631095392,6,QT,1,6,NA,NA
054_0173,Solenosmilia matrix,2,30/11/2018 13:40,IN2018_V06_054,1,1,Hill K1,48,147.3826026,-44.2889718,Coral reef substrate,173,6.039040843,39,QT,1,39,NA,1405.544444
059_0089,Enallopsammia matrix,5,1/12/2018 4:14,IN2018_V06_059,fished,1c,Sisters,56,147.2356932,-44.26437243,Rock,89,14.35185333,31,QT,1,31,NA,923.4444444
059_0353,Solenosmilia matrix,60,1/12/2018 4:37,IN2018_V06_059,fished,1c,Sisters,56,147.2285191,-44.26303555,Coral reef substrate,353,7.828580162,80,QT-2,2,48,NA,1238.975
046_0408,Solenosmilia matrix,20,29/11/2018 5:53,IN2018_V06_046,4 - fished?,1c,Sisters,67,147.2406121,-44.25737446,Coral rubble,408,6.172307955,23,QT,1,23,NA,1264.766667
064_0160,Solenosmilia matrix,100,1/12/2018 15:54,IN2018_V06_064,1a,1a,z16,37,147.06279,-44.29318257,Coral reef substrate,160,10.92026219,59,QT-2,2,19,NA,1284.225
123_0253,Solenosmilia matrix,15,9/12/2018 16:35,IN2018_V06_123,1,1,Hill V,34,147.1782041,-44.39109069,Coral rubble,253,2.481935573,8,QT,1,8,NA,1570.654
113_0108,Solenosmilia matrix,100,8/12/2018 22:14,IN2018_V06_113,1a,1a,z16,33,147.0655972,-44.29401389,Coral reef substrate,108,4.749823589,14,QT,1,14,NA,NA
100_0575,Solenosmilia matrix,60,7/12/2018 16:15,IN2018_V06_100,1,1,slope,59,146.3483841,-44.17738743,Coral reef substrate,575,5.742900709,31,QT,1,31,NA,1388.6
059_0435,Solenosmilia matrix,95,1/12/2018 4:44,IN2018_V06_059,fished,1c,Sisters,56,147.2262249,-44.26225304,Coral reef substrate,435,10.50190964,30,QT,1,30,NA,1270.89375
062_0180,Solenosmilia matrix,100,1/12/2018 10:59,IN2018_V06_062,1a,1a,z16,39,147.0679559,-44.28568759,Coral reef substrate,180,10.3461939,35,QT,1,35,NA,1261.675
057_0408,Solenosmilia matrix,10,30/11/2018 22:14,IN2018_V06_057,fished,1c,Sisters,67,147.2275557,-44.26783865,Rock,408,8.554981512,80,QT-2,2,16,NA,1259.766667
114_0316,Solenosmilia matrix,10,9/12/2018 0:35,IN2018_V06_114,1a,1a,z16,35,147.0723972,-44.2977,Coral rubble,316,1.797857269,16,QT,1,16,NA,NA
062_0174,Solenosmilia matrix,100,1/12/2018 10:58,IN2018_V06_062,1a,1a,z16,39,147.067982,-44.2858037,Coral reef substrate,174,8.34316651,3,QT,1,3,NA,1253.625
095_0090,Solenosmilia matrix,15,7/12/2018 1:08,IN2018_V06_095,1,1,z99,66,146.2329246,-44.26758452,Coral rubble,90,7.412904702,135,QT-2,2,71,NA,1287.942857
062_0120,Solenosmilia matrix,100,1/12/2018 10:54,IN2018_V06_062,1a,1a,z16,39,147.068281,-44.2870301,Coral reef substrate,120,10.24540871,39,QT,1,39,NA,1172.135714
063_0419,Solenosmilia matrix,3,1/12/2018 13:45,IN2018_V06_063,1a,1a,z16,43,147.0653942,-44.28100084,Coral rubble,419,5.296363713,34,QT,1,34,NA,1406.6
052_0002,Solenosmilia matrix,100,30/11/2018 6:25,IN2018_V06_052,1,1,Hill K1,48,147.3859759,-44.29258093,Coral reef substrate,2,13.69750463,7,QT,1,7,NA,1234.573333
082_0032,Solenosmilia matrix,30,5/12/2018 11:27,IN2018_V06_082,1,1,Hill K1,41,147.387116,-44.29439062,Coral reef substrate,32,2.950799049,37,QT,1,37,NA,1330.103571
042_0657,Solenosmilia matrix,1,28/11/2018 16:58,IN2018_V06_042,fished,1c,Sisters,81,147.2631868,-44.26441326,Rock,657,5.973615034,13,QT,1,13,NA,1311.2
098_0080,Solenosmilia matrix,100,7/12/2018 7:57,IN2018_V06_098,1,1,z110,74,146.1924128,-44.26601113,Coral reef substrate,80,6.260184145,49,QT,1,49,NA,1324.25
082_0064,Solenosmilia matrix,50,5/12/2018 11:30,IN2018_V06_082,1,1,Hill K1,41,147.3878283,-44.29478977,Coral reef substrate,64,9.460711734,17,QT,1,17,NA,1364.642857
113_0254,Solenosmilia matrix,10,8/12/2018 22:26,IN2018_V06_113,1a,1a,z16,33,147.0600111,-44.29591389,Coral rubble,254,3.652544013,27,QT,1,27,NA,NA
064_0205,Solenosmilia matrix,40,1/12/2018 15:58,IN2018_V06_064,1a,1a,z16,37,147.061572,-44.29377616,Coral reef substrate,205,12.17206734,54,QT-2,2,14,NA,1355.765
125_0020,Solenosmilia matrix,100,9/12/2018 21:28,IN2018_V06_125,1a,1a,z16,36,147.0687321,-44.29070487,Coral reef substrate,20,6.600321054,55,QT-2,2,23,NA,1029.083333
064_0251,Solenosmilia matrix,60,1/12/2018 16:02,IN2018_V06_064,1a,1a,z16,37,147.0603822,-44.29431507,Coral reef substrate,251,8.146788731,58,QT-2,2,18,NA,1420.435714
082_0344,Solenosmilia matrix,50,5/12/2018 11:54,IN2018_V06_082,1,1,Hill K1,41,147.3959043,-44.29908362,Coral reef substrate,344,2.869019417,24,QT,1,24,NA,1497.614286
095_0209,Solenosmilia matrix,3,7/12/2018 1:18,IN2018_V06_095,1,1,z99,66,146.230377,-44.26562076,Coral rubble,209,4.409899201,77,QT,1,77,NA,1455.128571
098_0241,Solenosmilia matrix,1,7/12/2018 8:11,IN2018_V06_098,1,1,z110,74,146.1972737,-44.26509897,Coral rubble,241,8.378604955,35,QT,1,35,NA,1495.4
099_0314,Solenosmilia matrix,15,7/12/2018 12:22,IN2018_V06_099,2,2,slope,76,146.4494309,-44.28850628,Rock,314,5.525334464,20,QT,1,20,NA,1502.11875
082_0141,Solenosmilia matrix,60,5/12/2018 11:36,IN2018_V06_082,1,1,Hill K1,41,147.3897875,-44.29588557,Coral reef substrate,141,3.102371436,23,QT,1,23,NA,1433.592857
097_0027,Coral reef substrate,10,7/12/2018 4:54,IN2018_V06_097,1b,1b,Main Matt,64,146.1713992,-44.22040279,Rock,27,6.327795591,14,QT,1,14,NA,1019.528571
113_0137,Solenosmilia matrix,100,8/12/2018 22:16,IN2018_V06_113,1a,1a,z16,33,147.0645722,-44.29440278,Coral rubble,137,1.509069747,50,QT-2,2,18,NA,NA
032_0312,Solenosmilia matrix,2,27/11/2018 1:42,IN2018_V06_032,1,1,Hill U,55,147.1876237,-44.32097761,Coral rubble,312,9.673188531,27,QT,1,27,NA,1261.133333
063_0173,Solenosmilia matrix,100,1/12/2018 13:24,IN2018_V06_063,1a,1a,z16,43,147.0673294,-44.28622057,Coral reef substrate,173,10.36519313,41,QT,1,41,NA,1227.75
119_0086,Solenosmilia matrix,100,9/12/2018 9:43,IN2018_V06_119,1,1,z20,24,147.2070408,-44.27874283,Coral reef substrate,86,9.746840292,17,QT,1,17,NA,1198.436492
055_0066,Solenosmilia matrix,15,30/11/2018 16:10,IN2018_V06_055,1,1,Hill K1,60,147.3853209,-44.29408772,Coral rubble,66,13.12858551,17,QT,1,17,NA,1323.788889
054_0010,Solenosmilia matrix,55,30/11/2018 13:25,IN2018_V06_054,1,1,Hill K1,48,147.387067,-44.29120798,Coral reef substrate,10,4.219893761,13,QT,1,13,NA,1285.8
113_0037,Solenosmilia matrix,100,8/12/2018 22:07,IN2018_V06_113,1a,1a,z16,33,147.0678194,-44.29289444,Coral reef substrate,37,12.02673269,24,QT,1,24,NA,NA
125_0028,Solenosmilia matrix,100,9/12/2018 21:29,IN2018_V06_125,1a,1a,z16,36,147.0690535,-44.29077062,Coral reef substrate,28,2.12871018,79,QT-2,2,15,NA,1048.95
063_0385,Solenosmilia matrix,5,1/12/2018 13:42,IN2018_V06_063,1a,1a,z16,43,147.065761,-44.28183665,Coral rubble,385,7.880691864,42,QT,1,42,NA,1407.7
068_0301,Solenosmilia matrix,60,2/12/2018 2:56,IN2018_V06_068,1,1,Hill K1,45,147.386172,-44.28519062,Coral reef substrate,301,4.207195811,42,QT,1,42,NA,1562.62997
082_0281,Solenosmilia matrix,40,5/12/2018 11:48,IN2018_V06_082,1,1,Hill K1,41,147.3937877,-44.29795154,Coral reef substrate,281,3.762769726,10,QT,1,10,NA,1494.125
114_0278,Solenosmilia matrix,5,9/12/2018 0:32,IN2018_V06_114,1a,1a,z16,35,147.0716917,-44.29689167,Coral rubble,278,2.382784315,44,QT-2,2,4,NA,NA
041_0072,Solenosmilia matrix,100,28/11/2018 13:20,IN2018_V06_041,1,1,z16,50,147.066621,-44.28832949,Coral reef substrate,72,11.730899,25,QT,1,25,NA,1111.1375
127_0111,Solenosmilia matrix,20,10/12/2018 4:16,IN2018_V06_127,1b,1b,z4,46,147.2250307,-44.21111357,Rock,111,10.63160366,98,QT-2,2,18,NA,1133.2
095_0143,Solenosmilia matrix,5,7/12/2018 1:13,IN2018_V06_095,1,1,z99,66,146.2317704,-44.26670827,Rock,143,4.61050649,47,QT,1,47,NA,1363.542857
125_0141,Solenosmilia matrix,80,9/12/2018 21:39,IN2018_V06_125,1a,1a,z16,36,147.0725448,-44.29159579,Coral reef substrate,141,7.771282441,45,QT-2,2,29,NA,1241.6
032_0511,Solenosmilia matrix,15,27/11/2018 1:59,IN2018_V06_032,1,1,Hill U,55,147.1925467,-44.31962428,Coral reef substrate,511,13.53043528,9,QT,1,9,NA,1370.65
059_0041,Enallopsammia matrix,55,1/12/2018 4:10,IN2018_V06_059,fished,1c,Sisters,56,147.2369013,-44.26472642,Coral reef substrate,41,4.708205626,83,QT-2,2,19,NA,870.3833333
063_0339,Solenosmilia matrix,10,1/12/2018 13:38,IN2018_V06_063,1a,1a,z16,43,147.0662394,-44.28281601,Coral rubble,339,12.94833143,22,QT,1,22,NA,1414.4
082_0083,Solenosmilia matrix,10,5/12/2018 11:31,IN2018_V06_082,1,1,Hill K1,41,147.3883105,-44.29505633,Coral rubble,83,7.212758893,41,QT,1,41,NA,1386.785714
031_0242,Solenosmilia matrix,90,26/11/2018 23:39,IN2018_V06_031,1,1,Hill U,41,147.183977,-44.31482739,Coral reef substrate,242,8.779137888,32,QT,1,32,NA,1323.05
098_0126,Solenosmilia matrix,80,7/12/2018 8:01,IN2018_V06_098,1,1,z110,74,146.1937676,-44.26582665,Coral reef substrate,126,5.543736176,45,QT,1,45,NA,1369.15
059_0479,Solenosmilia matrix,10,1/12/2018 4:48,IN2018_V06_059,fished,1c,Sisters,56,147.2248118,-44.26173795,Coral rubble,479,9.491230055,70,QT-2,2,6,NA,1274.472222
166_0194,Solenosmilia matrix,15,14/12/2018 15:16,IN2018_V06_166,1,1,z8,70,147.2918896,-44.20335984,Coral rubble,194,3.184047672,16,QT,1,16,NA,1302
054_0284,Solenosmilia matrix,5,30/11/2018 13:49,IN2018_V06_054,1,1,Hill K1,48,147.3801356,-44.28769492,Coral rubble,284,12.57993921,6,QT,1,6,NA,1500.271429
095_0003,Solenosmilia matrix,100,7/12/2018 1:00,IN2018_V06_095,1,1,z99,66,146.2351949,-44.26934069,Coral reef substrate,3,5.513258969,67,QT,1,67,NA,1182.5875
110_0511,Solenosmilia matrix,10,8/12/2018 16:48,IN2018_V06_110,4 - fished?,1c,Pedra,54,147.1126057,-44.27377689,Coral rubble,511,5.758785664,55,QT,1,55,NA,1206.06
045_0041,Solenosmilia matrix,100,29/11/2018 0:43,IN2018_V06_045,1,1,Hill K1,44,147.3873046,-44.29250422,Coral reef substrate,41,13.92524904,73,QT-2,2,9,NA,1251.16
125_0009,Solenosmilia matrix,100,9/12/2018 21:27,IN2018_V06_125,1a,1a,z16,36,147.0683265,-44.29061027,Coral reef substrate,9,13.09498969,39,QT,1,39,NA,1010.977778
032_0492,Solenosmilia matrix,1,27/11/2018 1:57,IN2018_V06_032,1,1,Hill U,55,147.1922012,-44.31973513,Rock,492,12.88509176,57,QT,1,57,NA,1361.155556
064_0103,Solenosmilia matrix,100,1/12/2018 15:49,IN2018_V06_064,1a,1a,z16,37,147.0645122,-44.29260252,Coral reef substrate,103,5.233841242,39,QT,1,39,NA,1188.048214
114_0142,Solenosmilia matrix,100,9/12/2018 0:20,IN2018_V06_114,1a,1a,z16,35,147.0698972,-44.29439167,Coral reef substrate,142,5.154221225,79,QT-2,2,15,NA,NA
116_0649,Solenosmilia matrix,2,9/12/2018 4:03,IN2018_V06_116,1,1,Hill U,83,147.1638919,-44.33200997,Rock,649,3.526399493,37,QT,1,37,NA,1491.42
031_0064,Solenosmilia matrix,70,26/11/2018 23:24,IN2018_V06_031,1,1,Hill U,41,147.1838674,-44.32028534,Coral reef substrate,64,5.862165858,27,QT,1,27,NA,1197.016705
166_0128,Solenosmilia matrix,100,14/12/2018 15:10,IN2018_V06_166,1,1,z8,70,147.2900376,-44.20413443,Coral reef substrate,128,13.13500685,34,QT,1,34,NA,1198.93
062_0018,Solenosmilia matrix,100,1/12/2018 10:45,IN2018_V06_062,1a,1a,z16,39,147.0689652,-44.28946555,Coral reef substrate,18,3.299675883,5,QT,1,5,NA,1046.16
064_0302,Solenosmilia matrix,1,1/12/2018 16:06,IN2018_V06_064,1a,1a,z16,37,147.0591609,-44.29490789,Coral rubble,302,3.159147205,16,QT,1,16,NA,1454.311111
041_0289,Solenosmilia matrix,70,28/11/2018 13:38,IN2018_V06_041,1,1,z16,50,147.0608749,-44.28895263,Coral reef substrate,289,8.425678901,30,QT,1,30,NA,1343.414286
168_0314,Solenosmilia matrix,35,14/12/2018 20:29,IN2018_V06_168,1b,1b,z4,37,147.2448179,-44.21117924,Coral reef substrate,314,3.066722454,40,QT-2,2,8,NA,1226.435556
176_0497,Solenosmilia matrix,30,16/12/2018 10:16,IN2018_V06_176,1b,1b,St Helens,66,148.7423702,-41.22901428,Coral reef substrate,497,4.925341315,56,QT,1,56,NA,943.66
054_0006,Solenosmilia matrix,30,30/11/2018 13:25,IN2018_V06_054,1,1,Hill K1,48,147.3872005,-44.29128675,Coral reef substrate,6,19.12763346,45,NS-NR,1,45,NA,1287.183333
051_0273,Solenosmilia matrix,5,30/11/2018 2:47,IN2018_V06_051,1,1,Hill K1,80,147.3929622,-44.29392348,Rock,273,7.117850485,123,QT-2,2,59,NA,1510.25
127_0051,Solenosmilia matrix,100,10/12/2018 4:11,IN2018_V06_127,1b,1b,z4,46,147.2272267,-44.21165489,Coral reef substrate,51,8.724260987,14,QT,1,14,NA,1032.25
057_0118,Enallopsammia matrix,5,30/11/2018 21:50,IN2018_V06_057,fished,1c,Sisters,67,147.2356834,-44.26685171,Rock,118,12.3022967,75,QT-2,2,11,NA,962.2444444
095_0215,Solenosmilia matrix,5,7/12/2018 1:19,IN2018_V06_095,1,1,z99,66,146.230241,-44.2655081,Coral rubble,215,5.85543204,13,QT,1,13,NA,1459.775
031_0223,Solenosmilia matrix,95,26/11/2018 23:37,IN2018_V06_031,1,1,Hill U,41,147.1839939,-44.31536765,Coral reef substrate,223,13.87265261,8,QT,1,8,NA,1300.18
114_0112,Solenosmilia matrix,100,9/12/2018 0:17,IN2018_V06_114,1a,1a,z16,35,147.0694111,-44.29370833,Coral reef substrate,112,7.429767578,3,QT,1,3,NA,NA
125_0307,Solenosmilia matrix,5,9/12/2018 21:53,IN2018_V06_125,1a,1a,z16,36,147.078387,-44.29307138,Coral rubble,307,2.346353032,66,QT-2,2,14,NA,1410.21
067_0031,Solenosmilia matrix,1,1/12/2018 23:12,IN2018_V06_067,4 - fished?,1c,Sisters,63,147.2428359,-44.2708332,Coral rubble,31,3.498063237,56,QT,1,56,NA,916.4333333
122_0063,Solenosmilia matrix,80,9/12/2018 15:10,IN2018_V06_122,1,1,z103,64,147.1473753,-44.40982099,Coral reef substrate,63,2.24096409,2,QT,1,2,NA,1441.216
062_0144,Solenosmilia matrix,100,1/12/2018 10:56,IN2018_V06_062,1a,1a,z16,39,147.0681878,-44.28651451,Coral reef substrate,144,3.61987915,47,QT-2,2,15,NA,1211.466667
032_0477,Solenosmilia matrix,15,27/11/2018 1:56,IN2018_V06_032,1,1,Hill U,55,147.1916287,-44.31993731,Sand - mud (<2mm),477,6.01852388,13,QT,1,13,NA,1345.15
063_0320,Solenosmilia matrix,25,1/12/2018 13:36,IN2018_V06_063,1a,1a,z16,43,147.0663834,-44.28327753,Coral rubble,320,4.674546685,70,QT-2,2,6,NA,1409
063_0286,Solenosmilia matrix,40,1/12/2018 13:34,IN2018_V06_063,1a,1a,z16,43,147.0666471,-44.28393252,Coral reef substrate,286,3.781651955,24,QT,1,24,NA,1379.8
051_0211,Solenosmilia matrix,15,30/11/2018 2:41,IN2018_V06_051,1,1,Hill K1,80,147.3915431,-44.29371754,Coral rubble,211,5.662420013,83,QT-2,2,51,NA,1446.614286
042_0525,Solenosmilia matrix,5,28/11/2018 16:47,IN2018_V06_042,fished,1c,Sisters,81,147.2612308,-44.26697059,Rock,525,6.157931584,103,QT-2,2,39,NA,1253.66
125_0249,Solenosmilia matrix,30,9/12/2018 21:48,IN2018_V06_125,1a,1a,z16,36,147.0761739,-44.29254491,Coral rubble,249,1.101469141,84,QT-2,2,20,NA,1387.8
128_0118,Enallopsammia matrix,1,10/12/2018 5:48,IN2018_V06_128,1b,1b,Punch's Hill,22,147.1876123,-44.18586176,Coral rubble,118,13.48318008,14,QT,1,14,NA,978.994
062_0216,Solenosmilia matrix,100,1/12/2018 11:02,IN2018_V06_062,1a,1a,z16,39,147.067737,-44.28495427,Coral reef substrate,216,6.068817469,38,QT,1,38,NA,1305.611111
082_0243,Solenosmilia matrix,90,5/12/2018 11:45,IN2018_V06_082,1,1,Hill K1,41,147.3926247,-44.29744893,Coral reef substrate,243,2.049833612,22,QT,1,22,NA,1471.7
032_0082,Solenosmilia matrix,100,27/11/2018 1:22,IN2018_V06_032,1,1,Hill U,55,147.1820166,-44.32251248,Coral reef substrate,82,5.597823505,54,QT,1,54,NA,1127.157143
059_0415,Solenosmilia matrix,90,1/12/2018 4:42,IN2018_V06_059,fished,1c,Sisters,56,147.2268693,-44.26249663,Coral reef substrate,415,6.423254323,8,QT,1,8,NA,1261.525
082_0332,Solenosmilia matrix,35,5/12/2018 11:53,IN2018_V06_082,1,1,Hill K1,41,147.3954617,-44.29886904,Coral reef substrate,332,7.853361688,8,QT,1,8,NA,1500.26
125_0130,Solenosmilia matrix,100,9/12/2018 21:38,IN2018_V06_125,1a,1a,z16,36,147.0721893,-44.29148784,Coral reef substrate,130,14.52205945,65,QT-2,2,33,NA,1225.7
113_0209,Solenosmilia matrix,5,8/12/2018 22:23,IN2018_V06_113,1a,1a,z16,33,147.0617,-44.29543056,Coral rubble,209,3.68788623,49,QT-2,2,1,NA,NA
097_0146,Solenosmilia matrix,1,7/12/2018 5:04,IN2018_V06_097,1b,1b,Main Matt,64,146.1675887,-44.21861848,Pebble - gravel,146,4.371820992,90,QT-2,2,26,NA,1114.655556
032_0150,Solenosmilia matrix,60,27/11/2018 1:28,IN2018_V06_032,1,1,Hill U,55,147.1836013,-44.32182779,Coral reef substrate,150,11.27292041,52,QT,1,52,NA,1163.744444
045_0048,Solenosmilia matrix,100,29/11/2018 0:44,IN2018_V06_045,1,1,Hill K1,44,147.38741,-44.29237519,Coral reef substrate,48,7.724019341,57,QT-2,2,25,NA,1255.7
176_0617,Solenosmilia matrix,40,16/12/2018 10:26,IN2018_V06_176,1b,1b,St Helens,66,148.7380852,-41.22853674,Coral reef substrate,617,4.135663179,44,QT,1,44,NA,925.9377778
060_0286,Solenosmilia matrix,100,1/12/2018 5:40,IN2018_V06_060,1,1,Little Sister (z56),38,147.2083787,-44.2502208,Coral reef substrate,286,12.9601296,39,QT,1,39,NA,1272.666667
045_0172,Solenosmilia matrix,1,29/11/2018 0:54,IN2018_V06_045,1,1,Hill K1,44,147.3892788,-44.28980366,Coral rubble,172,11.4698114,39,QT,1,39,NA,1440.1
114_0078,Solenosmilia matrix,100,9/12/2018 0:14,IN2018_V06_114,1a,1a,z16,35,147.0688083,-44.29280833,Coral reef substrate,78,9.983628257,85,QT-2,2,21,NA,NA
186_0072,Solenosmilia matrix,1,17/12/2018 14:12,IN2018_V06_186,1b,1b,St Helens,66,148.7626588,-41.23008603,Coral rubble,72,3.442639039,40,QT,1,40,MG-Q,643.54
057_0066,Enallopsammia matrix,15,30/11/2018 21:46,IN2018_V06_057,fished,1c,Sisters,67,147.2371418,-44.26670732,Rock,66,2.739693661,47,QT,1,47,NA,904.1833333
117_0074,Solenosmilia matrix,15,9/12/2018 6:31,IN2018_V06_117,1,1,Hill U,34,147.1778309,-44.32027937,Coral rubble,74,7.522886013,23,QT,1,23,NA,1233.851429
167_0222,Solenosmilia matrix,3,14/12/2018 18:16,IN2018_V06_167,1b,1b,Punch's Hill,51,147.1977,-44.18926941,Rock,222,3.542944117,73,QT-2,2,9,NA,1025.753333
054_0125,Solenosmilia matrix,100,30/11/2018 13:35,IN2018_V06_054,1,1,Hill K1,48,147.3838325,-44.28959563,Coral reef substrate,125,13.73007068,47,QT,1,47,NA,1332.933333
089_0525,Solenosmilia matrix,1,6/12/2018 10:48,IN2018_V06_089,1b,1b,Main Matt,69,146.2043919,-44.20472229,Coral rubble,525,3.943675685,37,QT,1,37,NA,1038.88125
166_0040,Solenosmilia matrix,100,14/12/2018 15:03,IN2018_V06_166,1,1,z8,70,147.2873604,-44.20531142,Coral reef substrate,40,9.57697003,30,QT,1,30,NA,1029.665714
114_0122,Solenosmilia matrix,100,9/12/2018 0:18,IN2018_V06_114,1a,1a,z16,35,147.0695694,-44.29396667,Coral reef substrate,122,5.573381362,19,QT,1,19,NA,NA
129_0103,Solenosmilia matrix,15,10/12/2018 7:47,IN2018_V06_129,2,2,slope,62,147.2341074,-44.12958868,Coral rubble,103,8.902531332,50,QT,1,50,NA,911.48
123_0080,Solenosmilia matrix,100,9/12/2018 16:21,IN2018_V06_123,1,1,Hill V,34,147.1741666,-44.39373957,Coral reef substrate,80,5.103925901,7,QT,1,7,NA,1337.326667
123_0042,Solenosmilia matrix,100,9/12/2018 16:17,IN2018_V06_123,1,1,Hill V,34,147.1731755,-44.3943341,Coral reef substrate,42,2.472454339,35,QT,1,35,NA,1316.84
059_0522,Solenosmilia matrix,90,1/12/2018 4:51,IN2018_V06_059,fished,1c,Sisters,56,147.2235171,-44.2611202,Coral reef substrate,522,10.07644078,26,QT,1,26,NA,1258.925
063_0020,Solenosmilia matrix,100,1/12/2018 13:11,IN2018_V06_063,1a,1a,z16,43,147.0682792,-44.28928074,Coral reef substrate,20,12.48699329,19,QT,1,19,NA,1019.7
044_0247,Solenosmilia matrix,1,28/11/2018 21:48,IN2018_V06_044,4 - fished?,1c,Sisters,72,147.2505774,-44.26600913,Pebble - gravel,247,8.57020941,50,QT,1,50,NA,1178.15
031_0038,Solenosmilia matrix,70,26/11/2018 23:21,IN2018_V06_031,1,1,Hill U,41,147.1838148,-44.3209716,Coral reef substrate,38,7.058150532,31,QT,1,31,NA,1182.472177
168_0248,Solenosmilia matrix,50,14/12/2018 20:23,IN2018_V06_168,1b,1b,z4,37,147.2427192,-44.21151797,Coral reef substrate,248,5.403486212,2,QT,1,2,NA,1138.6825
100_0398,Solenosmilia matrix,20,7/12/2018 16:00,IN2018_V06_100,1,1,slope,59,146.3528338,-44.17193,Sand - mud (<2mm),398,5.078541688,5,QT,1,5,NA,1313.75
062_0349,Solenosmilia matrix,2,1/12/2018 11:13,IN2018_V06_062,1a,1a,z16,39,147.066638,-44.28196372,Coral rubble,349,5.893028133,28,QT,1,28,NA,1402.664286
114_0181,Solenosmilia matrix,100,9/12/2018 0:23,IN2018_V06_114,1a,1a,z16,35,147.0705,-44.29527222,Coral reef substrate,181,2.37160308,26,QT,1,26,NA,NA
031_0096,Solenosmilia matrix,100,26/11/2018 23:26,IN2018_V06_031,1,1,Hill U,41,147.1838204,-44.31935363,Coral reef substrate,96,11.75643628,19,QT,1,19,NA,1209.026724
128_0148,Solenosmilia matrix,10,10/12/2018 5:51,IN2018_V06_128,1b,1b,Punch's Hill,22,147.1875494,-44.18516954,Rock,148,4.71319758,50,QT-2,2,10,NA,1018.431111
114_0239,Solenosmilia matrix,40,9/12/2018 0:28,IN2018_V06_114,1a,1a,z16,35,147.0710722,-44.29629722,Coral reef substrate,239,1.524130986,70,QT-2,2,6,NA,NA
082_0153,Solenosmilia matrix,50,5/12/2018 11:37,IN2018_V06_082,1,1,Hill K1,41,147.3901079,-44.29607627,Coral reef substrate,153,7.117669067,3,QT,1,3,NA,1436.742857
113_0187,Solenosmilia matrix,1,8/12/2018 22:21,IN2018_V06_113,1a,1a,z16,33,147.0625361,-44.29520278,Coral rubble,187,9.367278481,57,QT-2,2,25,NA,NA
166_0192,Solenosmilia matrix,45,14/12/2018 15:16,IN2018_V06_166,1,1,z8,70,147.2918324,-44.20338167,Coral reef substrate,192,1.428756434,80,QT,1,80,NA,1297.88
054_0336,Solenosmilia matrix,3,30/11/2018 13:54,IN2018_V06_054,1,1,Hill K1,48,147.3789137,-44.28699897,Rock,336,11.20113048,26,QT,1,26,NA,1598.2
166_0150,Solenosmilia matrix,95,14/12/2018 15:12,IN2018_V06_166,1,1,z8,70,147.2906228,-44.20385637,Coral reef substrate,150,10.84602908,26,QT,1,26,NA,1237.325
121_0074,Solenosmilia matrix,10,9/12/2018 13:14,IN2018_V06_121,fished,3,Belinda's Dory Hill,18,147.117745,-44.38169449,Coral reef substrate,74,5.171226085,7,QT,1,7,NA,1236.413333
031_0019,Solenosmilia matrix,5,26/11/2018 23:20,IN2018_V06_031,1,1,Hill U,41,147.1837906,-44.32145535,Coral reef substrate,19,4.911436063,7,QT,1,7,NA,1176.001786
113_0126,Solenosmilia matrix,100,8/12/2018 22:15,IN2018_V06_113,1a,1a,z16,33,147.0650861,-44.29423611,Coral reef substrate,126,4.180650873,10,QT,1,10,NA,NA
051_0055,Solenosmilia matrix,100,30/11/2018 2:27,IN2018_V06_051,1,1,Hill K1,80,147.3874685,-44.2931749,Coral reef substrate,55,12.73029575,25,QT,1,25,NA,1243.384444
045_0024,Solenosmilia matrix,100,29/11/2018 0:42,IN2018_V06_045,1,1,Hill K1,44,147.387065,-44.29283003,Coral reef substrate,24,5.676920952,17,QT,1,17,NA,1239.9
056_0149,Solenosmilia matrix,1,30/11/2018 19:18,IN2018_V06_056,fished,1c,Sisters,70,147.2458353,-44.27850716,Rock,149,9.14926985,58,QT,1,58,NA,1013
127_0079,Solenosmilia matrix,45,10/12/2018 4:13,IN2018_V06_127,1b,1b,z4,46,147.2261891,-44.21141004,Rock,79,2.646709251,90,QT-2,2,10,NA,1081.5
031_0198,Solenosmilia matrix,95,26/11/2018 23:35,IN2018_V06_031,1,1,Hill U,41,147.183972,-44.31597002,Coral reef substrate,198,4.879398252,21,QT,1,21,NA,1292.152876
125_0119,Solenosmilia matrix,80,9/12/2018 21:37,IN2018_V06_125,1a,1a,z16,36,147.0718893,-44.29140074,Coral reef substrate,119,7.315137032,49,QT-2,2,17,NA,1210.515625
042_0186,Solenosmilia matrix,5,28/11/2018 16:18,IN2018_V06_042,fished,1c,Sisters,81,147.2539713,-44.27287179,Rock,186,10.28622806,94,QT-2,2,62,NA,1034.54
051_0130,Solenosmilia matrix,1,30/11/2018 2:34,IN2018_V06_051,1,1,Hill K1,80,147.3894129,-44.29343266,Coral reef substrate,130,6.333693322,37,QT,1,37,NOT REPLACED,1337.64
032_0135,Solenosmilia matrix,70,27/11/2018 1:26,IN2018_V06_032,1,1,Hill U,55,147.1832812,-44.32193332,Coral reef substrate,135,8.881991391,14,QT,1,14,NA,1153.891667
148_0043,Solenosmilia matrix,15,12/12/2018 11:45,IN2018_V06_148,1,1,z96,12,147.3699701,-44.1762275,Coral rubble,43,4.888512156,21,QT,1,21,NA,1333.047325
113_0074,Solenosmilia matrix,10,8/12/2018 22:11,IN2018_V06_113,1a,1a,z16,33,147.0667139,-44.29351667,Coral reef substrate,74,3.353806196,22,QT,1,22,NA,NA
166_0027,Solenosmilia matrix,100,14/12/2018 15:02,IN2018_V06_166,1,1,z8,70,147.2868932,-44.20555744,Coral reef substrate,27,7.750166024,62,QT,1,62,NA,1005.825926
128_0094,Solenosmilia matrix,1,10/12/2018 5:46,IN2018_V06_128,1b,1b,Punch's Hill,22,147.1877331,-44.1865016,Coral rubble,94,12.4075131,51,QT-2,2,11,NA,934.54
146_0159,Solenosmilia matrix,10,12/12/2018 6:42,IN2018_V06_146,1,1,z5,72,147.28576,-44.24524249,Coral reef substrate,159,8.749343969,22,QT,1,22,NA,1415.5375
062_0114,Solenosmilia matrix,100,1/12/2018 10:53,IN2018_V06_062,1a,1a,z16,39,147.0683164,-44.28718032,Coral reef substrate,114,7.375770611,7,QT,1,7,NA,1168.55
059_0492,Solenosmilia matrix,50,1/12/2018 4:49,IN2018_V06_059,fished,1c,Sisters,56,147.2244392,-44.26158791,Coral rubble,492,10.83108251,82,QT-2,2,18,NA,1268.314286
127_0071,Solenosmilia matrix,70,10/12/2018 4:12,IN2018_V06_127,1b,1b,z4,46,147.2264679,-44.21147552,Coral reef substrate,71,8.091874323,58,QT,1,58,NA,1069.3
057_0037,Enallopsammia matrix,20,30/11/2018 21:43,IN2018_V06_057,fished,1c,Sisters,67,147.2380192,-44.26663219,Rock,37,5.668499101,7,QT,1,7,NA,881.9333333
150_0240,Solenosmilia matrix,20,12/12/2018 17:37,IN2018_V06_150,4 - fished?,3,Atoll,78,147.5213074,-44.17683806,Rock,240,1.842906706,20,QT,1,20,NA,1340.293333
064_0200,Solenosmilia matrix,40,1/12/2018 15:58,IN2018_V06_064,1a,1a,z16,37,147.0617282,-44.29369776,Coral reef substrate,200,4.39337949,22,QT,1,22,NA,1350.33
125_0152,Solenosmilia matrix,100,9/12/2018 21:40,IN2018_V06_125,1a,1a,z16,36,147.0728795,-44.29168052,Coral reef substrate,152,9.050945893,61,QT-2,2,21,NA,1257.975
045_0151,Solenosmilia matrix,25,29/11/2018 0:52,IN2018_V06_045,1,1,Hill K1,44,147.3889423,-44.29023045,Coral rubble,151,8.294711043,75,QT-2,2,11,NA,1398.76
091_0408,Solenosmilia matrix,2,6/12/2018 16:15,IN2018_V06_091,1b,1b,Main Matt,95,146.1980409,-44.20598345,cobble - boulder,408,2.74880815,179,QT-2,2,51,NA,960.4
059_0453,Solenosmilia matrix,80,1/12/2018 4:46,IN2018_V06_059,fished,1c,Sisters,56,147.2256604,-44.26203363,Coral rubble,453,3.586542829,22,QT,1,22,NA,1273.775
046_0506,Solenosmilia matrix,1,29/11/2018 6:01,IN2018_V06_046,4 - fished?,1c,Sisters,67,147.2413667,-44.25563006,Coral rubble,506,8.274447853,33,QT,1,33,NA,1324.433333
119_0037,Solenosmilia matrix,100,9/12/2018 9:39,IN2018_V06_119,1,1,z20,24,147.2056464,-44.27873226,Coral reef substrate,37,8.201883115,27,QT,1,27,NA,1125.944444
041_0192,Solenosmilia matrix,95,28/11/2018 13:30,IN2018_V06_041,1,1,z16,50,147.0633297,-44.28859844,Coral reef substrate,192,13.12641884,59,QT-2,2,27,NA,1237.885714
082_0211,Solenosmilia matrix,100,5/12/2018 11:42,IN2018_V06_082,1,1,Hill K1,41,147.3917477,-44.29702428,Coral reef substrate,211,3.577079994,30,QT,1,30,NA,1439.757143
061_0158,Solenosmilia matrix,1,1/12/2018 8:18,IN2018_V06_061,1,1,Hill U,38,147.1747702,-44.3237751,Rock,158,5.6583802,13,QT,1,13,NA,1273.475
041_0134,Solenosmilia matrix,60,28/11/2018 13:25,IN2018_V06_041,1,1,z16,50,147.0649758,-44.28839052,Coral reef substrate,134,7.991974232,23,QT,1,23,NA,1181.7
032_0005,Solenosmilia matrix,100,27/11/2018 1:15,IN2018_V06_032,1,1,Hill U,55,147.1800886,-44.32329347,Coral reef substrate,5,11.44234808,18,QT,1,18,NA,1110.688889
091_0870,Solenosmilia matrix,10,6/12/2018 16:55,IN2018_V06_091,1b,1b,Main Matt,95,146.2026625,-44.19561343,Barnacle plates,870,4.715420936,20,QT,1,20,NA,1153.73
127_0123,Solenosmilia matrix,30,10/12/2018 4:17,IN2018_V06_127,1b,1b,z4,46,147.2245293,-44.21095007,Coral rubble,123,3.048376322,50,QT,1,50,NA,1148.9
127_0179,Solenosmilia matrix,25,10/12/2018 4:22,IN2018_V06_127,1b,1b,z4,46,147.2222119,-44.21035619,Rock,179,1.554093837,16,QT,1,16,NA,1223.9
042_0356,Solenosmilia matrix,2,28/11/2018 16:32,IN2018_V06_042,fished,1c,Sisters,81,147.2577494,-44.26987337,Rock,356,8.753562484,16,QT,1,16,NA,1152.03
118_0112,Solenosmilia matrix,1,9/12/2018 8:38,IN2018_V06_118,1,1,z34,44,147.1740146,-44.28014905,Coral rubble,112,4.99520265,21,QT,1,21,NA,1303.5675
062_0132,Solenosmilia matrix,100,1/12/2018 10:55,IN2018_V06_062,1a,1a,z16,39,147.0682371,-44.28676924,Coral reef substrate,132,10.38519588,31,QT,1,31,NA,1183.233333
118_0283,Solenosmilia matrix,2,9/12/2018 8:53,IN2018_V06_118,1,1,z34,44,147.181205,-44.28051579,Rock,283,3.654768945,15,QT,1,15,NA,1374.42
082_0230,Solenosmilia matrix,100,5/12/2018 11:44,IN2018_V06_082,1,1,Hill K1,41,147.3922801,-44.29728191,Coral reef substrate,230,4.917248595,6,QT,1,6,NA,1461.198571
041_0048,Solenosmilia matrix,100,28/11/2018 13:18,IN2018_V06_041,1,1,z16,50,147.067182,-44.28833558,Coral reef substrate,48,4.771529091,13,QT,1,13,NA,1089.877778
082_0192,Solenosmilia matrix,40,5/12/2018 11:41,IN2018_V06_082,1,1,Hill K1,41,147.3911307,-44.29669814,Coral reef substrate,192,6.583411746,27,QT,1,27,NA,1457.76
031_0083,Solenosmilia matrix,50,26/11/2018 23:25,IN2018_V06_031,1,1,Hill U,41,147.1838269,-44.31977212,Coral reef substrate,83,11.43007911,3,QT,1,3,NA,1191.475
168_0232,Solenosmilia matrix,75,14/12/2018 20:21,IN2018_V06_168,1b,1b,z4,37,147.242189,-44.21159861,Coral reef substrate,232,11.65888537,82,QT-2,2,18,NA,1115.042857
064_0245,Solenosmilia matrix,50,1/12/2018 16:02,IN2018_V06_064,1a,1a,z16,37,147.0605365,-44.29423905,Coral reef substrate,245,2.9842908,26,QT,1,26,NA,1411.37
125_0064,Solenosmilia matrix,100,9/12/2018 21:32,IN2018_V06_125,1a,1a,z16,36,147.07026,-44.29098556,Coral reef substrate,64,1.131025869,59,QT-2,2,27,NA,1128.025
100_0519,Solenosmilia matrix,20,7/12/2018 16:10,IN2018_V06_100,1,1,slope,59,146.349699,-44.17572732,Coral reef substrate,519,4.879583804,43,QT,1,43,NA,1342.857143
041_0017,Solenosmilia matrix,100,28/11/2018 13:15,IN2018_V06_041,1,1,z16,50,147.0678939,-44.2883671,Coral reef substrate,17,5.958734867,5,QT,1,5,NA,1066.2125
168_0291,Solenosmilia matrix,25,14/12/2018 20:26,IN2018_V06_168,1b,1b,z4,37,147.244104,-44.21131253,Coral reef substrate,291,2.468308077,32,QT,1,32,NA,1193.66
114_0165,Solenosmilia matrix,100,9/12/2018 0:22,IN2018_V06_114,1a,1a,z16,35,147.0702861,-44.29496667,Coral reef substrate,165,10.28991027,23,QT,1,23,NA,NA
057_0079,Enallopsammia matrix,25,30/11/2018 21:47,IN2018_V06_057,fished,1c,Sisters,67,147.2367571,-44.26675116,Coral reef substrate,79,12.52975927,15,QT,1,15,NA,917.4888889
045_0203,Solenosmilia matrix,5,29/11/2018 0:57,IN2018_V06_045,1,1,Hill K1,44,147.3897929,-44.28911816,Coral rubble,203,9.453903078,15,QT,1,15,NA,1468.18
064_0148,Solenosmilia matrix,100,1/12/2018 15:53,IN2018_V06_064,1a,1a,z16,37,147.0631318,-44.29304678,Coral reef substrate,148,4.8900644,43,QT-2,2,11,NA,1262.3
025_0529,Solenosmilia matrix,1,26/11/2018 10:47,IN2018_V06_025,fished,1c,Pedra,63,147.1009803,-44.25008154,Rock,529,13.59500138,51,QT,1,51,NA,1007.5
060_0081,Solenosmilia matrix,100,1/12/2018 5:23,IN2018_V06_060,1,1,Little Sister (z56),38,147.212776,-44.25374423,Coral reef substrate,81,7.807307752,16,QT,1,16,NA,1215.942857
059_0349,Solenosmilia matrix,50,1/12/2018 4:36,IN2018_V06_059,fished,1c,Sisters,56,147.2286127,-44.26306792,Coral reef substrate,349,2.93266995,16,QT,1,16,NA,1239.992857
062_0373,Solenosmilia matrix,1,1/12/2018 11:15,IN2018_V06_062,1a,1a,z16,39,147.0664133,-44.28130531,Coral rubble,373,9.561626627,36,QT,1,36,NA,1403.205556
045_0065,Solenosmilia matrix,100,29/11/2018 0:45,IN2018_V06_045,1,1,Hill K1,44,147.3876824,-44.29197594,Coral reef substrate,65,12.15092016,5,QT,1,5,NA,1270.4
063_0299,Solenosmilia matrix,5,1/12/2018 13:35,IN2018_V06_063,1a,1a,z16,43,147.0665519,-44.28370357,Coral reef substrate,299,3.359823012,16,QT,1,16,NA,1393.8
059_0345,Solenosmilia matrix,60,1/12/2018 4:36,IN2018_V06_059,fished,1c,Sisters,56,147.2287188,-44.26310341,Coral reef substrate,345,7.883443216,4,QT,1,4,NA,1236.65
082_0313,Solenosmilia matrix,70,5/12/2018 11:51,IN2018_V06_082,1,1,Hill K1,41,147.3948322,-44.29856319,Coral reef substrate,313,4.689117401,32,QT,1,32,NA,1482
118_0169,Solenosmilia matrix,20,9/12/2018 8:43,IN2018_V06_118,1,1,z34,44,147.1762798,-44.28020465,Coral reef substrate,169,6.221821832,3,QT,1,3,NA,1319.788
041_0103,Solenosmilia matrix,100,28/11/2018 13:22,IN2018_V06_041,1,1,z16,50,147.0658015,-44.28834144,Coral reef substrate,103,12.93879748,33,QT,1,33,NA,1146.84
031_0230,Solenosmilia matrix,98,26/11/2018 23:38,IN2018_V06_031,1,1,Hill U,41,147.183976,-44.31526338,Coral reef substrate,230,7.375770611,40,QT,1,40,NA,1307.92
063_0179,Solenosmilia matrix,100,1/12/2018 13:24,IN2018_V06_063,1a,1a,z16,43,147.0673082,-44.28611612,Coral reef substrate,179,11.89348341,25,QT,1,25,NA,1234.1
150_0505,Solenosmilia matrix,1,12/12/2018 18:00,IN2018_V06_150,4 - fished?,3,Atoll,78,147.526572,-44.17191128,Coral rubble,505,4.6224441,71,QT,1,71,NA,1507.234286
127_0027,Solenosmilia matrix,100,10/12/2018 4:09,IN2018_V06_127,1b,1b,z4,46,147.2281103,-44.21183753,Coral reef substrate,27,4.778783998,38,QT,1,38,NA,1007
052_0076,Solenosmilia matrix,5,30/11/2018 6:32,IN2018_V06_052,1,1,Hill K1,48,147.3857873,-44.29421092,Coral reef substrate,76,5.282274822,27,QT,1,27,NA,1319.691111
125_0036,Solenosmilia matrix,100,9/12/2018 21:30,IN2018_V06_125,1a,1a,z16,36,147.0693612,-44.29081756,Coral reef substrate,36,7.545629919,31,QT,1,31,NA,1069.9
060_0022,Coral reef substrate,100,1/12/2018 5:18,IN2018_V06_060,1,1,Little Sister (z56),38,147.21399160000001,-44.25474147,Coral reef substrate,22,12.13799819,20,QT,1,20,NA,1109.3
128_0175,Solenosmilia matrix,5,10/12/2018 5:53,IN2018_V06_128,1b,1b,Punch's Hill,22,147.18743,-44.18455056,Coral rubble,175,14.72502478,48,QT-2,2,16,NA,1053.44
114_0031,Solenosmilia matrix,100,9/12/2018 0:10,IN2018_V06_114,1a,1a,z16,35,147.0680222,-44.29173333,Coral reef substrate,31,9.619314656,33,QT,1,33,NA,NA
060_0002,Coral reef substrate,100,1/12/2018 5:16,IN2018_V06_060,1,1,Little Sister (z56),38,147.21440810000001,-44.25511558,Coral reef substrate,2,11.34640824,36,QT,1,36,NA,1083.8775
125_0340,Solenosmilia matrix,1,9/12/2018 21:56,IN2018_V06_125,1a,1a,z16,36,147.0799255,-44.29339593,Coral rubble,340,3.247874379,54,QT-2,2,38,NA,1410.4
128_0196,Coral reef substrate,15,10/12/2018 5:55,IN2018_V06_128,1b,1b,Punch's Hill,22,147.1873939,-44.18401689,Coral rubble,196,9.490995917,36,QT-2,2,20,NA,1091.693333
182_0657,Solenosmilia matrix,1,17/12/2018 1:38,IN2018_V06_182,1b,1b,St Helens,66,148.7371289,-41.23655363,Pebble - gravel,657,4.169817092,NA,QT-2,2,48,MG-Q,934.8
150_0669,Solenosmilia matrix,5,12/12/2018 18:14,IN2018_V06_150,4 - fished?,3,Atoll,78,147.5293496,-44.16859638,Coral rubble,669,3.654229853,125,QT-2,2,61,NA,1494.777778
147_0342,Solenosmilia matrix,15,12/12/2018 11:07,IN2018_V06_147,1,1,New 1,57,147.3531492,-44.18436249,cobble - boulder,342,6.341124749,51,QT,1,51,NA,1330.943478
063_0379,Solenosmilia matrix,1,1/12/2018 13:42,IN2018_V06_063,1a,1a,z16,43,147.0658369,-44.28195302,Coral rubble,379,5.856133803,10,QT,1,10,NA,1405.3
127_0187,Solenosmilia matrix,5,10/12/2018 4:23,IN2018_V06_127,1b,1b,z4,46,147.2217016,-44.21022388,Coral rubble,187,3.426478656,48,QT,1,48,NA,1235.9
063_0080,Solenosmilia matrix,100,1/12/2018 13:16,IN2018_V06_063,1a,1a,z16,43,147.0677438,-44.28799984,Coral reef substrate,80,12.92582975,55,QT-2,2,15,replace?,1101.15
116_0079,Solenosmilia matrix,100,9/12/2018 3:13,IN2018_V06_116,1,1,Hill U,83,147.1799173,-44.32378623,Coral reef substrate,79,9.392232856,42,QT,1,42,NA,1116.76
098_0103,Solenosmilia matrix,100,7/12/2018 7:59,IN2018_V06_098,1,1,z110,74,146.1931131,-44.2659155,Coral reef substrate,103,5.408903747,29,QT,1,29,NA,1345.3
059_0045,Enallopsammia matrix,70,1/12/2018 4:10,IN2018_V06_059,fished,1c,Sisters,56,147.2367941,-44.26468786,Coral reef substrate,45,11.90823459,51,QT,1,51,NA,875
060_0140,Solenosmilia matrix,100,1/12/2018 5:28,IN2018_V06_060,1,1,Little Sister (z56),38,147.211682,-44.25284626,Coral reef substrate,140,5.210481892,30,QT,1,30,NA,1287.36875
113_0200,Solenosmilia matrix,15,8/12/2018 22:22,IN2018_V06_113,1a,1a,z16,33,147.0620583,-44.29528611,Coral rubble,200,3.948924096,33,QT,1,33,NA,NA
054_0292,Solenosmilia matrix,40,30/11/2018 13:50,IN2018_V06_054,1,1,Hill K1,48,147.3800361,-44.2876324,Rock,292,10.41787299,38,QT,1,38,NA,1509.07
118_0054,Solenosmilia matrix,80,9/12/2018 8:34,IN2018_V06_118,1,1,z34,44,147.17202,-44.28010038,Coral reef substrate,54,3.520036383,9,QT,1,9,NA,1216.52
166_0181,Solenosmilia matrix,25,14/12/2018 15:15,IN2018_V06_166,1,1,z8,70,147.291534,-44.20350029,Coral rubble,181,4.602123306,48,QT,1,48,NA,1284.951429
082_0293,Solenosmilia matrix,30,5/12/2018 11:49,IN2018_V06_082,1,1,Hill K1,41,147.3941999,-44.2981705,Coral reef substrate,293,4.991274301,26,QT,1,26,NA,1485.289286
095_0184,Solenosmilia matrix,25,7/12/2018 1:16,IN2018_V06_095,1,1,z99,66,146.2308678,-44.26602878,Coral rubble,184,6.665427899,37,QT,1,37,NA,1421.2
040_0567,Solenosmilia matrix,2,28/11/2018 10:38,IN2018_V06_040,fished,1c,Pedra,80,147.0829069,-44.25629653,Rock,567,10.62057912,8,QT,1,8,NA,1088
119_0041,Solenosmilia matrix,100,9/12/2018 9:40,IN2018_V06_119,1,1,z20,24,147.205765,-44.27872887,Coral reef substrate,41,13.57017615,11,QT,1,11,NA,1127.88
060_0294,Solenosmilia matrix,95,1/12/2018 5:41,IN2018_V06_060,1,1,Little Sister (z56),38,147.2081392,-44.25004802,Coral reef substrate,294,6.223118966,7,QT,1,7,NA,1273.522222
116_0040,Solenosmilia matrix,95,9/12/2018 3:10,IN2018_V06_116,1,1,Hill U,83,147.1813659,-44.3232181,Coral reef substrate,40,8.196133426,66,QT,1,66,NA,1147.02
166_0170,Solenosmilia matrix,5,14/12/2018 15:14,IN2018_V06_166,1,1,z8,70,147.291233,-44.20362209,Rock,170,9.793726437,106,QT-2,2,42,NA,1268.054286
082_0370,Solenosmilia matrix,70,5/12/2018 11:56,IN2018_V06_082,1,1,Hill K1,41,147.3969091,-44.29964456,Coral reef substrate,370,1.465760591,20,QT,1,20,NA,1474.1625
150_0560,Solenosmilia matrix,1,12/12/2018 18:04,IN2018_V06_150,4 - fished?,3,Atoll,78,147.5273206,-44.17089058,Coral rubble,560,4.302392757,143,QT-2,2,15,NA,1508.696627
095_0188,Solenosmilia matrix,20,7/12/2018 1:16,IN2018_V06_095,1,1,z99,66,146.2307734,-44.26595679,Coral reef substrate,188,2.558614587,85,QT-2,2,21,NA,1423.283333
113_0072,Solenosmilia matrix,100,8/12/2018 22:10,IN2018_V06_113,1a,1a,z16,33,147.0667917,-44.293475,Coral reef substrate,72,2.771485789,16,QT,1,16,NA,NA
062_0186,Solenosmilia matrix,100,1/12/2018 10:59,IN2018_V06_062,1a,1a,z16,39,147.067925,-44.28556655,Coral reef substrate,186,7.475352024,19,QT,1,19,NA,1276.722222
044_0236,Solenosmilia matrix,2,28/11/2018 21:47,IN2018_V06_044,4 - fished?,1c,Sisters,72,147.2503349,-44.26621776,Pebble - gravel,236,4.619739812,66,QT,1,66,NA,1170.65125
031_0268,Solenosmilia matrix,20,26/11/2018 23:41,IN2018_V06_031,1,1,Hill U,41,147.1839274,-44.31422884,Coral reef substrate,268,12.93264006,28,QT,1,28,NA,1349.125
062_0307,Solenosmilia matrix,50,1/12/2018 11:10,IN2018_V06_062,1a,1a,z16,39,147.06706930000001,-44.28301933,Coral rubble,307,1.542477061,8,QT,1,8,NA,1404.1
125_0191,Solenosmilia matrix,40,9/12/2018 21:43,IN2018_V06_125,1a,1a,z16,36,147.0741914,-44.29201671,Coral reef substrate,191,3.488844944,24,QT,1,24,NA,1313.366667
063_0133,Solenosmilia matrix,100,1/12/2018 13:20,IN2018_V06_063,1a,1a,z16,43,147.0674474,-44.28701078,Coral reef substrate,133,7.539889925,53,QT-2,2,13,NA,1177.55
031_0172,Solenosmilia matrix,95,26/11/2018 23:33,IN2018_V06_031,1,1,Hill U,41,147.1838015,-44.3168682,Coral reef substrate,172,6.051777121,13,QT,1,13,NA,1252.768902
061_0041,Solenosmilia matrix,75,1/12/2018 8:08,IN2018_V06_061,1,1,Hill U,38,147.1788384,-44.3226354,Coral reef substrate,41,12.52752225,15,QT,1,15,NA,1127.76875
055_0104,Solenosmilia matrix,1,30/11/2018 16:13,IN2018_V06_055,1,1,Hill K1,60,147.3845489,-44.29474798,Coral rubble,104,9.789965148,13,QT,1,13,NA,1391.466667
041_0145,Solenosmilia matrix,100,28/11/2018 13:26,IN2018_V06_041,1,1,z16,50,147.0647345,-44.28841557,Coral reef substrate,145,13.65677199,71,QT-2,2,39,NA,1193.29
166_0590,Solenosmilia matrix,1,14/12/2018 15:50,IN2018_V06_166,1,1,z8,70,147.3048564,-44.19766328,Coral rubble,590,1.48196537,25,QT,1,25,NA,1315.2375
123_0204,Solenosmilia matrix,40,9/12/2018 16:31,IN2018_V06_123,1,1,Hill V,34,147.1771895,-44.39189524,Coral reef substrate,204,3.766467866,20,QT,1,20,NA,1511.748
063_0272,Solenosmilia matrix,30,1/12/2018 13:32,IN2018_V06_063,1a,1a,z16,43,147.0667576,-44.28420773,Coral reef substrate,272,7.465266566,8,QT,1,8,NA,1365.3
059_0241,Solenosmilia matrix,10,1/12/2018 4:27,IN2018_V06_059,fished,1c,Sisters,56,147.231498,-44.26365923,Rock,241,13.95333269,1,QT,1,1,NA,1128.8125
114_0256,Solenosmilia matrix,15,9/12/2018 0:30,IN2018_V06_114,1a,1a,z16,35,147.0713028,-44.29654444,Coral rubble,256,3.025032305,54,QT-2,2,28,NA,NA
098_0172,Solenosmilia matrix,1,7/12/2018 8:05,IN2018_V06_098,1,1,z110,74,146.1950949,-44.26563283,Rock,172,4.649668503,53,QT,1,53,NA,1414.5
122_0173,Solenosmilia matrix,2,9/12/2018 15:19,IN2018_V06_122,1,1,z103,64,147.1505296,-44.40795546,Rock,173,3.574829681,12,QT,1,12,NA,1610.585
114_0230,Solenosmilia matrix,50,9/12/2018 0:27,IN2018_V06_114,1a,1a,z16,35,147.0711583,-44.29619167,Coral reef substrate,230,4.723445876,14,QT,1,14,NA,NA
045_0089,Solenosmilia matrix,70,29/11/2018 0:47,IN2018_V06_045,1,1,Hill K1,44,147.3880551,-44.29153827,Coral reef substrate,89,13.23443282,45,QT,1,45,NA,1311.32
059_0505,Solenosmilia matrix,95,1/12/2018 4:50,IN2018_V06_059,fished,1c,Sisters,56,147.2240237,-44.26140046,Coral reef substrate,505,3.088535601,34,QT,1,34,NA,1266.6
146_0114,Solenosmilia matrix,50,12/12/2018 6:38,IN2018_V06_146,1,1,z5,72,147.2849241,-44.24615876,Coral reef substrate,114,9.016615662,14,QT,1,14,NA,1342.588889
148_0030,Solenosmilia matrix,35,12/12/2018 11:44,IN2018_V06_148,1,1,z96,12,147.3696721,-44.17636939,Rock,30,3.834508076,29,QT-2,2,23,NA,1315.468889
168_0271,Solenosmilia matrix,100,14/12/2018 20:25,IN2018_V06_168,1b,1b,z4,37,147.2434459,-44.21144289,Coral reef substrate,271,12.66989075,10,QT,1,10,NA,1163.46
155_0551,Solenosmilia matrix,1,13/12/2018 8:17,IN2018_V06_156,fished,1b,Corvina group N,30,147.2285798,-44.16213519,Coral rubble,551,3.030165303,64,QT,1,64,NA,1207.5075
041_0238,Solenosmilia matrix,80,28/11/2018 13:34,IN2018_V06_041,1,1,z16,50,147.0622993,-44.288732,Coral reef substrate,238,5.263174694,83,QT-2,2,19,NA,1294.04
116_0455,Solenosmilia matrix,5,9/12/2018 3:46,IN2018_V06_116,1,1,Hill U,83,147.1687638,-44.3292131,Rock,455,10.39569134,67,QT,1,67,NA,1395
059_0054,Enallopsammia matrix,40,1/12/2018 4:11,IN2018_V06_059,fished,1c,Sisters,56,147.2365779,-44.26462705,Coral reef substrate,54,7.947223323,35,QT,1,35,NA,883.0333333
063_0214,Solenosmilia matrix,100,1/12/2018 13:27,IN2018_V06_063,1a,1a,z16,43,147.067124,-44.28543784,Coral reef substrate,214,7.957313199,68,QT-2,2,4,NA,1279.8
116_0053,Solenosmilia matrix,100,9/12/2018 3:11,IN2018_V06_116,1,1,Hill U,83,147.1809243,-44.3234113,Coral reef substrate,53,10.52373713,26,QT,1,26,NA,1139.56
123_0063,Solenosmilia matrix,45,9/12/2018 16:19,IN2018_V06_123,1,1,Hill V,34,147.1736971,-44.39400472,Coral reef substrate,63,7.832279502,31,QT,1,31,NA,1341.49
063_0026,Solenosmilia matrix,100,1/12/2018 13:11,IN2018_V06_063,1a,1a,z16,43,147.0682071,-44.28911802,Coral reef substrate,26,13.15277881,51,QT-2,2,11,NA,1020.4
062_0156,Solenosmilia matrix,100,1/12/2018 10:57,IN2018_V06_062,1a,1a,z16,39,147.0681113,-44.28621268,Coral reef substrate,156,13.69902949,27,QT,1,27,NA,1225.575
